# Blender 5.1.0
# www.blender.org
mtllib Roadway.mtl
o RoadVer3
v 5.340155 -0.032368 13.531745
v 5.340155 -0.032368 13.290100
v 5.268918 -0.032368 13.531745
v 5.268918 -0.032368 13.290100
v 5.268918 -0.032368 13.531745
v 5.340155 -0.032368 13.531745
v 5.340155 -0.032368 13.290100
v 5.268918 -0.032368 13.290100
v 5.479245 -0.032368 13.531745
v 5.479245 -0.032368 13.290100
v 5.408009 -0.032368 13.531745
v 5.408009 -0.032368 13.290100
v 5.408009 -0.032368 13.531745
v 5.479245 -0.032368 13.531745
v 5.479245 -0.032368 13.290100
v 5.408009 -0.032368 13.290100
v 5.618336 -0.032368 13.531745
v 5.618336 -0.032368 13.290100
v 5.547099 -0.032368 13.531745
v 5.547099 -0.032368 13.290100
v 5.547099 -0.032368 13.531745
v 5.618336 -0.032368 13.531745
v 5.618336 -0.032368 13.290100
v 5.547099 -0.032368 13.290100
v 5.757427 -0.032368 13.531745
v 5.757427 -0.032368 13.290100
v 5.686190 -0.032368 13.531745
v 5.686190 -0.032368 13.290100
v 5.686190 -0.032368 13.531745
v 5.757427 -0.032368 13.531745
v 5.757427 -0.032368 13.290100
v 5.686190 -0.032368 13.290100
v 5.896518 -0.032368 13.531745
v 5.896518 -0.032368 13.290100
v 5.825281 -0.032368 13.531745
v 5.825281 -0.032368 13.290100
v 5.825281 -0.032368 13.531745
v 5.896518 -0.032368 13.531745
v 5.896518 -0.032368 13.290100
v 5.825281 -0.032368 13.290100
v 6.035609 -0.032368 13.531745
v 6.035609 -0.032368 13.290100
v 5.964372 -0.032368 13.531745
v 5.964372 -0.032368 13.290100
v 5.964372 -0.032368 13.531745
v 6.035609 -0.032368 13.531745
v 6.035609 -0.032368 13.290100
v 5.964372 -0.032368 13.290100
v 6.174700 -0.032368 13.531745
v 6.174700 -0.032368 13.290100
v 6.103463 -0.032368 13.531745
v 6.103463 -0.032368 13.290100
v 6.103463 -0.032368 13.531745
v 6.174700 -0.032368 13.531745
v 6.174700 -0.032368 13.290100
v 6.103463 -0.032368 13.290100
v 6.313791 -0.032368 13.531745
v 6.313791 -0.032368 13.290100
v 6.242554 -0.032368 13.531745
v 6.242554 -0.032368 13.290100
v 6.242554 -0.032368 13.531745
v 6.313791 -0.032368 13.531745
v 6.313791 -0.032368 13.290100
v 6.242554 -0.032368 13.290100
v 6.452882 -0.032368 13.531745
v 6.452882 -0.032368 13.290100
v 6.381645 -0.032368 13.531745
v 6.381645 -0.032368 13.290100
v 6.381645 -0.032368 13.531745
v 6.452882 -0.032368 13.531745
v 6.452882 -0.032368 13.290100
v 6.381645 -0.032368 13.290100
v 6.591973 -0.032368 13.531745
v 6.591973 -0.032368 13.290100
v 6.520736 -0.032368 13.531745
v 6.520736 -0.032368 13.290100
v 6.520736 -0.032368 13.531745
v 6.591973 -0.032368 13.531745
v 6.591973 -0.032368 13.290100
v 6.520736 -0.032368 13.290100
v 6.731064 -0.032368 13.531745
v 6.731064 -0.032368 13.290100
v 6.659826 -0.032368 13.531745
v 6.659826 -0.032368 13.290100
v 6.659826 -0.032368 13.531745
v 6.731064 -0.032368 13.531745
v 6.731064 -0.032368 13.290100
v 6.659826 -0.032368 13.290100
v 6.870154 -0.032368 13.531745
v 6.870154 -0.032368 13.290100
v 6.798917 -0.032368 13.531745
v 6.798917 -0.032368 13.290100
v 6.798917 -0.032368 13.531745
v 6.870154 -0.032368 13.531745
v 6.870154 -0.032368 13.290100
v 6.798917 -0.032368 13.290100
v 5.070154 -0.032368 11.802981
v 5.311799 -0.032368 11.802981
v 5.070154 -0.032368 11.731744
v 5.311799 -0.032368 11.731744
v 5.070154 -0.032368 11.731744
v 5.070154 -0.032368 11.802981
v 5.311799 -0.032368 11.802981
v 5.311799 -0.032368 11.731744
v 5.070154 -0.032368 11.942072
v 5.311799 -0.032368 11.942072
v 5.070154 -0.032368 11.870834
v 5.311799 -0.032368 11.870834
v 5.070154 -0.032368 11.870834
v 5.070154 -0.032368 11.942072
v 5.311799 -0.032368 11.942072
v 5.311799 -0.032368 11.870834
v 5.070154 -0.032368 12.081163
v 5.311799 -0.032368 12.081163
v 5.070154 -0.032368 12.009926
v 5.311799 -0.032368 12.009926
v 5.070154 -0.032368 12.009926
v 5.070154 -0.032368 12.081163
v 5.311799 -0.032368 12.081163
v 5.311799 -0.032368 12.009926
v 5.070154 -0.032368 12.220254
v 5.311799 -0.032368 12.220254
v 5.070154 -0.032368 12.149017
v 5.311799 -0.032368 12.149017
v 5.070154 -0.032368 12.149017
v 5.070154 -0.032368 12.220254
v 5.311799 -0.032368 12.220254
v 5.311799 -0.032368 12.149017
v 5.070154 -0.032368 12.359344
v 5.311799 -0.032368 12.359344
v 5.070154 -0.032368 12.288108
v 5.311799 -0.032368 12.288108
v 5.070154 -0.032368 12.288108
v 5.070154 -0.032368 12.359344
v 5.311799 -0.032368 12.359344
v 5.311799 -0.032368 12.288108
v 5.070154 -0.032368 12.498436
v 5.311799 -0.032368 12.498436
v 5.070154 -0.032368 12.427198
v 5.311799 -0.032368 12.427198
v 5.070154 -0.032368 12.427198
v 5.070154 -0.032368 12.498436
v 5.311799 -0.032368 12.498436
v 5.311799 -0.032368 12.427198
v 5.070154 -0.032368 12.637527
v 5.311799 -0.032368 12.637527
v 5.070154 -0.032368 12.566290
v 5.311799 -0.032368 12.566290
v 5.070154 -0.032368 12.566290
v 5.070154 -0.032368 12.637527
v 5.311799 -0.032368 12.637527
v 5.311799 -0.032368 12.566290
v 5.070154 -0.032368 12.776617
v 5.311799 -0.032368 12.776617
v 5.070154 -0.032368 12.705380
v 5.311799 -0.032368 12.705380
v 5.070154 -0.032368 12.705380
v 5.070154 -0.032368 12.776617
v 5.311799 -0.032368 12.776617
v 5.311799 -0.032368 12.705380
v 5.070154 -0.032368 12.915709
v 5.311799 -0.032368 12.915709
v 5.070154 -0.032368 12.844471
v 5.311799 -0.032368 12.844471
v 5.070154 -0.032368 12.844471
v 5.070154 -0.032368 12.915709
v 5.311799 -0.032368 12.915709
v 5.311799 -0.032368 12.844471
v 5.070154 -0.032368 13.054799
v 5.311799 -0.032368 13.054799
v 5.070154 -0.032368 12.983562
v 5.311799 -0.032368 12.983562
v 5.070154 -0.032368 12.983562
v 5.070154 -0.032368 13.054799
v 5.311799 -0.032368 13.054799
v 5.311799 -0.032368 12.983562
v 5.070154 -0.032368 13.193890
v 5.311799 -0.032368 13.193890
v 5.070154 -0.032368 13.122653
v 5.311799 -0.032368 13.122653
v 5.070154 -0.032368 13.122653
v 5.070154 -0.032368 13.193890
v 5.311799 -0.032368 13.193890
v 5.311799 -0.032368 13.122653
v 5.070154 -0.032368 13.332981
v 5.311799 -0.032368 13.332981
v 5.070154 -0.032368 13.261744
v 5.311799 -0.032368 13.261744
v 5.070154 -0.032368 13.261744
v 5.070154 -0.032368 13.332981
v 5.311799 -0.032368 13.332981
v 5.311799 -0.032368 13.261744
v 9.070154 -0.034856 17.531746
v 11.070154 -0.034856 17.531746
v 9.070154 -0.034856 15.531746
v 11.070154 -0.034856 15.531746
v 9.070154 -0.034856 15.731746
v 9.070154 -0.034856 16.461132
v 9.070154 -0.034856 16.602360
v 9.070154 -0.034856 17.331745
v 11.070154 -0.034856 17.331745
v 11.070154 -0.034856 16.602360
v 11.070154 -0.034856 16.461132
v 11.070154 -0.034856 15.731746
v 9.070154 -0.004626 17.331745
v 9.070154 -0.004626 17.531746
v 11.070154 -0.004626 17.531746
v 11.070154 -0.004626 15.731746
v 11.070154 -0.004626 15.531746
v 9.070154 -0.004626 15.531746
v 9.070154 -0.004626 15.731746
v 11.070154 -0.004626 17.331745
v 9.070154 -0.024856 16.461132
v 9.070154 -0.024856 16.602360
v 11.070154 -0.024856 16.602360
v 11.070154 -0.024856 16.461132
v 9.070154 -0.019741 15.531746
v 11.070154 -0.019741 15.531746
v 11.070154 -0.019741 15.731746
v 9.070154 -0.019741 15.731746
v 9.070154 -0.019741 17.331745
v 11.070154 -0.019741 17.331745
v 11.070154 -0.019741 17.531746
v 9.070154 -0.019741 17.531746
v 9.070154 -0.034856 15.779988
v 9.070154 -0.034856 15.808492
v 11.070154 -0.034856 15.808492
v 11.070154 -0.034856 15.779988
v 9.070154 -0.034856 17.254999
v 9.070154 -0.034856 17.283503
v 11.070154 -0.034856 17.283503
v 11.070154 -0.034856 17.254999
v 5.070153 -0.034856 13.531744
v 7.070154 -0.034856 13.531744
v 5.070153 -0.034856 11.531744
v 7.070153 -0.034856 11.531744
v 5.070153 -0.034856 11.731744
v 5.070153 -0.034856 12.461130
v 5.070153 -0.034856 12.602358
v 5.070153 -0.034856 13.331743
v 7.070154 -0.034856 13.331743
v 7.070154 -0.034856 12.602358
v 7.070154 -0.034856 12.461130
v 7.070153 -0.034856 11.731744
v 5.070153 -0.004626 13.331743
v 5.070153 -0.004626 13.531744
v 7.070154 -0.004626 13.531744
v 7.070153 -0.004626 11.731744
v 7.070153 -0.004626 11.531744
v 5.070153 -0.004626 11.531744
v 5.070153 -0.004626 11.731744
v 7.070154 -0.004626 13.331743
v 5.270153 -0.034856 13.531744
v 5.270153 -0.034856 11.531744
v 5.270153 -0.034856 12.602358
v 5.270153 -0.034856 12.461130
v 5.270153 -0.034856 11.731744
v 5.270153 -0.004626 13.531744
v 5.270153 -0.004626 11.531744
v 5.270153 -0.004626 11.731744
v 6.870153 -0.034856 13.531744
v 6.870153 -0.004626 13.531744
v 6.870152 -0.034856 11.531744
v 6.870153 -0.034856 12.602358
v 6.870153 -0.034856 12.461130
v 6.870152 -0.034856 11.731744
v 6.870152 -0.004626 11.531744
v 6.870152 -0.004626 11.731744
v 6.140767 -0.034856 11.531744
v 6.140767 -0.034856 13.331743
v 6.140767 -0.034856 12.602358
v 6.140767 -0.034856 12.461130
v 6.140767 -0.034856 11.731744
v 6.140767 -0.004626 11.531744
v 6.140767 -0.004626 11.731744
v 5.999539 -0.034856 11.531744
v 5.999539 -0.034856 13.331743
v 5.999539 -0.034856 12.602358
v 5.999539 -0.034856 12.461130
v 5.999539 -0.034856 11.731744
v 5.999539 -0.004626 11.531744
v 5.999539 -0.004626 11.731744
v 5.270153 -0.034856 13.531744
v 6.870153 -0.034856 13.531744
v 6.140767 -0.034856 13.531744
v 5.999539 -0.034856 13.531744
v 5.148514 -0.034856 13.331743
v 5.270153 -0.034856 13.453382
v 5.270153 -0.034856 13.453382
v 5.391792 -0.034856 13.331743
v 5.270153 -0.034856 13.210105
v 5.175581 -0.034856 13.334793
v 5.201292 -0.034856 13.343790
v 5.224355 -0.034856 13.358281
v 5.243615 -0.034856 13.377542
v 5.258107 -0.034856 13.400605
v 5.267103 -0.034856 13.426315
v 5.270153 -0.004626 13.453382
v 5.148514 -0.004626 13.331743
v 5.267103 -0.004626 13.426315
v 5.258107 -0.004626 13.400605
v 5.243615 -0.004626 13.377542
v 5.224355 -0.004626 13.358281
v 5.201292 -0.004626 13.343790
v 5.175581 -0.004626 13.334793
v 6.870153 -0.034856 13.453382
v 6.991791 -0.034856 13.331743
v 6.870153 -0.034856 13.210105
v 6.748514 -0.034856 13.331743
v 6.870153 -0.034856 13.453382
v 6.873202 -0.034856 13.426315
v 6.882199 -0.034856 13.400605
v 6.896690 -0.034856 13.377542
v 6.915951 -0.034856 13.358281
v 6.939014 -0.034856 13.343790
v 6.964725 -0.034856 13.334793
v 6.991791 -0.004626 13.331743
v 6.870153 -0.004626 13.453382
v 6.964725 -0.004626 13.334793
v 6.939014 -0.004626 13.343790
v 6.915951 -0.004626 13.358281
v 6.896690 -0.004626 13.377542
v 6.882199 -0.004626 13.400605
v 6.873202 -0.004626 13.426315
v 5.070153 -0.034856 11.779987
v 5.070153 -0.034856 11.808491
v 7.070154 -0.034856 11.808491
v 7.070154 -0.034856 11.779987
v 5.270153 -0.034856 11.808491
v 5.270153 -0.034856 11.779987
v 6.870153 -0.034856 11.808491
v 6.870153 -0.034856 11.779987
v 6.140767 -0.034856 11.808491
v 6.140767 -0.034856 11.779987
v 5.999539 -0.034856 11.808491
v 5.999539 -0.034856 11.779987
v -0.929846 -0.034856 13.531745
v 1.070154 -0.034856 13.531745
v 1.070154 -0.034856 11.531744
v -0.929846 -0.034856 11.731745
v -0.929846 -0.034856 13.331745
v -0.729846 -0.034856 13.331745
v -0.929846 -0.034856 13.331745
v 1.070154 -0.034856 13.331745
v 1.070154 -0.034856 12.602358
v 1.070154 -0.034856 12.461130
v 1.070154 -0.034856 11.731745
v -0.929846 -0.004626 13.331745
v -0.929846 -0.004626 13.531745
v 1.070154 -0.004626 13.531745
v 1.070154 -0.004626 11.731745
v 1.070154 -0.004626 11.531744
v -0.929846 -0.004626 11.731745
v 1.070154 -0.004626 13.331745
v -0.929846 -0.004626 13.331745
v -0.729846 -0.004626 13.331745
v 1.070154 -0.024856 12.602358
v 1.070154 -0.024856 12.461130
v -0.729846 -0.034856 13.531745
v -0.729846 -0.034856 11.531745
v -0.729846 -0.034856 13.331745
v -0.729846 -0.034856 12.602358
v -0.729846 -0.034856 11.731745
v -0.729846 -0.004626 13.531745
v -0.729846 -0.004626 11.531745
v -0.729846 -0.004626 13.331745
v -0.729846 -0.004626 11.731745
v 0.870153 -0.034856 13.531745
v 0.870153 -0.004626 13.531745
v 0.870153 -0.034856 11.531744
v 0.870153 -0.034856 12.602358
v 0.870153 -0.034856 12.461130
v 0.870153 -0.034856 11.731745
v 0.870153 -0.004626 11.531744
v 0.870153 -0.004626 11.731745
v 0.870153 -0.024856 12.602358
v 0.870153 -0.024856 12.461130
v 0.140767 -0.034856 11.531745
v 0.140767 -0.034856 13.331745
v 0.140767 -0.034856 12.602358
v 0.140767 -0.034856 12.461131
v 0.140767 -0.034856 11.731745
v 0.140767 -0.004626 11.531745
v 0.140767 -0.004626 11.731745
v 0.140767 -0.024856 12.602358
v 0.140767 -0.024856 12.461131
v -0.000460 -0.034856 11.531745
v -0.000460 -0.034856 13.331745
v -0.000460 -0.034856 12.602358
v -0.000460 -0.034856 11.731745
v -0.000460 -0.004626 11.531745
v -0.000460 -0.004626 11.731745
v -0.000460 -0.024856 12.602358
v 0.140767 -0.024856 13.331745
v 0.140767 -0.024856 12.602358
v -0.000460 -0.024856 13.331745
v -0.000460 -0.024856 12.602358
v -0.729846 -0.034856 13.531745
v 0.140767 -0.034856 13.531745
v -0.000460 -0.034856 13.531745
v 0.140767 -0.024856 13.531745
v -0.000460 -0.024856 13.531745
v -0.929846 -0.034856 11.631744
v -0.829845 -0.034856 11.531745
v -0.924952 -0.034856 11.600843
v -0.910748 -0.034856 11.572967
v -0.888624 -0.034856 11.550843
v -0.860747 -0.034856 11.536639
v -0.829845 -0.004626 11.531745
v -0.929846 -0.004626 11.631744
v -0.860747 -0.004626 11.536639
v -0.888624 -0.004626 11.550843
v -0.910748 -0.004626 11.572967
v -0.924952 -0.004626 11.600843
v -0.000460 -0.034856 12.561131
v 0.099540 -0.034856 12.461131
v -0.000460 -0.034856 12.461131
v 0.004435 -0.034856 12.530230
v 0.018639 -0.034856 12.502353
v 0.040762 -0.034856 12.480229
v 0.068639 -0.034856 12.466025
v 0.099540 -0.024856 12.461131
v -0.000460 -0.024856 12.561131
v 0.068639 -0.024856 12.466025
v 0.040762 -0.024856 12.480229
v 0.018639 -0.024856 12.502353
v 0.004435 -0.024856 12.530230
v 0.870153 -0.034856 13.438995
v 0.977405 -0.034856 13.331745
v 0.872843 -0.034856 13.415131
v 0.880774 -0.034856 13.392462
v 0.893552 -0.034856 13.372126
v 0.910534 -0.034856 13.355144
v 0.930870 -0.034856 13.342366
v 0.953539 -0.034856 13.334434
v 0.977405 -0.004626 13.331745
v 0.870153 -0.004626 13.438995
v 0.953539 -0.004626 13.334434
v 0.930870 -0.004626 13.342366
v 0.910534 -0.004626 13.355144
v 0.893552 -0.004626 13.372126
v 0.880774 -0.004626 13.392462
v 0.872843 -0.004626 13.415131
v 1.070154 -0.034856 11.808491
v 1.070154 -0.034856 11.779987
v 0.870153 -0.034856 11.808491
v 0.870153 -0.034856 11.779987
v 0.140767 -0.034856 11.808491
v 0.140767 -0.034856 11.779987
v -0.000460 -0.034856 12.461131
v -0.929846 -0.034856 12.602359
v -0.929846 -0.004626 12.602359
v -0.929846 -0.004626 12.461131
v -0.929846 -0.034856 12.461131
v -0.729846 -0.034856 12.461131
v -0.729846 -0.034856 12.602359
v -0.729846 -0.004626 12.602359
v -0.729846 -0.004626 12.461131
v -0.000460 -0.034856 11.808491
v -0.000460 -0.034856 11.779987
v -0.729846 -0.034856 11.731745
v -0.729846 -0.034856 11.779987
v -0.729846 -0.034856 11.779987
v -0.729846 -0.034856 11.921215
v -0.653099 -0.034856 11.779987
v -0.681602 -0.034856 11.779987
v -0.653099 -0.034856 11.921215
v -0.681602 -0.034856 11.921215
v -0.653099 -0.034856 11.808491
v -0.653099 -0.034856 11.779987
v -0.729846 -0.034856 12.602359
v -0.653099 -0.034856 12.602358
v -0.681602 -0.034856 12.602358
v -0.653099 -0.034856 13.331745
v -0.681602 -0.034856 13.331745
v -0.653099 -0.034856 12.602358
v -0.681602 -0.034856 12.602358
v -0.653099 -0.034856 13.531745
v -0.681602 -0.034856 13.531745
v 0.870153 -0.034856 13.331745
v 0.977405 -0.034856 13.283502
v 1.070154 -0.034856 13.283502
v 0.870153 -0.034856 13.283502
v 0.977405 -0.034856 13.254998
v 1.070154 -0.034856 13.254998
v 0.870153 -0.034856 13.254998
v 0.870153 -0.034856 13.331744
v 0.870153 -0.034856 13.424494
v 0.870153 -0.034856 13.531745
v 0.821910 -0.034856 13.424494
v 0.821910 -0.034856 13.331744
v 0.821910 -0.034856 13.531745
v 0.793406 -0.034856 13.424494
v 0.793406 -0.034856 13.331744
v 0.793406 -0.034856 13.531745
v 0.793406 -0.034856 13.283502
v 0.793406 -0.034856 13.254998
v 0.821910 -0.034856 13.283502
v 0.821910 -0.034856 13.254998
v -0.729846 -0.034856 13.254998
v 0.140767 -0.034856 13.254998
v -0.000460 -0.034856 13.254998
v 0.140767 -0.024856 13.254998
v -0.000460 -0.024856 13.254998
v -0.681602 -0.034856 13.254998
v -0.653099 -0.034856 13.254998
v 5.070153 -0.034856 17.531746
v 7.070153 -0.034856 17.531746
v 5.070153 -0.034856 15.531746
v 7.070153 -0.034856 15.531746
v 5.070153 -0.034856 15.731746
v 5.070153 -0.034856 16.461132
v 5.070153 -0.034856 16.602360
v 5.070153 -0.034856 17.331745
v 7.070153 -0.034856 17.331745
v 7.070153 -0.034856 16.602360
v 7.070153 -0.034856 16.461132
v 7.070153 -0.034856 15.731746
v 5.070153 -0.004626 17.331745
v 5.070153 -0.004626 17.531746
v 7.070153 -0.004626 17.531746
v 7.070153 -0.004626 15.731746
v 7.070153 -0.004626 15.531746
v 5.070153 -0.004626 15.531746
v 5.070153 -0.004626 15.731746
v 7.070153 -0.004626 17.331745
v 5.270153 -0.034856 17.531746
v 5.270153 -0.034856 15.531746
v 5.270153 -0.034856 16.602360
v 5.270153 -0.034856 16.461132
v 5.270153 -0.004626 17.531746
v 5.270153 -0.004626 15.531746
v 6.870152 -0.034856 17.531746
v 6.870152 -0.004626 17.531746
v 6.870152 -0.034856 15.531746
v 6.870152 -0.034856 16.602360
v 6.870152 -0.034856 16.461132
v 6.870152 -0.004626 15.531746
v 6.140767 -0.034856 17.331745
v 6.140766 -0.034856 16.602360
v 6.140766 -0.034856 16.461132
v 6.140766 -0.034856 15.731746
v 5.999539 -0.034856 17.331745
v 5.999538 -0.034856 16.602360
v 5.999538 -0.034856 16.461132
v 5.999538 -0.034856 15.731746
v 5.270153 -0.034856 17.531746
v 6.870152 -0.034856 17.531746
v 6.140767 -0.034856 17.531746
v 5.999539 -0.034856 17.531746
v 5.270153 -0.034856 15.531746
v 6.870152 -0.034856 15.531746
v 6.140766 -0.034856 15.531746
v 5.999538 -0.034856 15.531746
v 5.141226 -0.034856 17.331745
v 5.270153 -0.034856 17.460672
v 5.270153 -0.034856 17.460672
v 5.399080 -0.034856 17.331745
v 5.270153 -0.034856 17.202818
v 5.169915 -0.034856 17.334978
v 5.197165 -0.034856 17.344513
v 5.221611 -0.034856 17.359873
v 5.242025 -0.034856 17.380289
v 5.257385 -0.034856 17.404734
v 5.266921 -0.034856 17.431984
v 5.270153 -0.034856 15.602818
v 5.141225 -0.034856 15.731746
v 5.270153 -0.034856 15.860673
v 5.399080 -0.034856 15.731746
v 5.266920 -0.034856 15.631508
v 5.257385 -0.034856 15.658758
v 5.242025 -0.034856 15.683204
v 5.221611 -0.034856 15.703618
v 5.197165 -0.034856 15.718978
v 5.169915 -0.034856 15.728514
v 5.270153 -0.004626 17.460672
v 5.141226 -0.004626 17.331745
v 5.266921 -0.004626 17.431984
v 5.257385 -0.004626 17.404734
v 5.242025 -0.004626 17.380289
v 5.221611 -0.004626 17.359873
v 5.197165 -0.004626 17.344513
v 5.169915 -0.004626 17.334978
v 5.141225 -0.004626 15.731746
v 5.270153 -0.004626 15.602818
v 5.169915 -0.004626 15.728514
v 5.197165 -0.004626 15.718978
v 5.221611 -0.004626 15.703618
v 5.242025 -0.004626 15.683204
v 5.257385 -0.004626 15.658758
v 5.266920 -0.004626 15.631508
v 6.870152 -0.034856 17.460672
v 6.999079 -0.034856 17.331745
v 6.870152 -0.034856 17.202818
v 6.741225 -0.034856 17.331745
v 6.870152 -0.034856 17.460672
v 6.873384 -0.034856 17.431984
v 6.882920 -0.034856 17.404734
v 6.898280 -0.034856 17.380287
v 6.918694 -0.034856 17.359873
v 6.943140 -0.034856 17.344513
v 6.970390 -0.034856 17.334978
v 6.999079 -0.034856 15.731746
v 6.870152 -0.034856 15.602818
v 6.741225 -0.034856 15.731746
v 6.870152 -0.034856 15.860673
v 6.970390 -0.034856 15.728513
v 6.943140 -0.034856 15.718978
v 6.918694 -0.034856 15.703618
v 6.898280 -0.034856 15.683203
v 6.882920 -0.034856 15.658758
v 6.873384 -0.034856 15.631508
v 6.999079 -0.004626 17.331745
v 6.870152 -0.004626 17.460672
v 6.970390 -0.004626 17.334978
v 6.943140 -0.004626 17.344513
v 6.918694 -0.004626 17.359873
v 6.898280 -0.004626 17.380287
v 6.882920 -0.004626 17.404734
v 6.873384 -0.004626 17.431984
v 6.870152 -0.004626 15.602818
v 6.999079 -0.004626 15.731746
v 6.873384 -0.004626 15.631508
v 6.882920 -0.004626 15.658758
v 6.898280 -0.004626 15.683203
v 6.918694 -0.004626 15.703618
v 6.943140 -0.004626 15.718978
v 6.970390 -0.004626 15.728513
v 6.140766 -0.034856 15.631746
v 5.999538 -0.034856 15.631746
v 5.999539 -0.034856 17.431746
v 6.140767 -0.034856 17.431746
v 5.170153 -0.034856 16.602360
v 5.170153 -0.034856 16.461132
v 6.970153 -0.034856 16.602360
v 6.970153 -0.034856 16.461132
v 5.070153 -0.019741 15.531746
v 5.070153 -0.019741 15.731746
v 5.270153 -0.019741 15.531746
v 5.270153 -0.019741 15.602818
v 5.266920 -0.019741 15.631508
v 5.257385 -0.019741 15.658758
v 5.242025 -0.019741 15.683204
v 5.221611 -0.019741 15.703618
v 5.197165 -0.019741 15.718978
v 5.169915 -0.019741 15.728514
v 5.141225 -0.019741 15.731746
v 7.070153 -0.019741 15.531746
v 7.070153 -0.019741 15.731746
v 6.870152 -0.019741 15.531746
v 6.999079 -0.019741 15.731746
v 6.970390 -0.019741 15.728513
v 6.943140 -0.019741 15.718978
v 6.918694 -0.019741 15.703618
v 6.898280 -0.019741 15.683203
v 6.882920 -0.019741 15.658758
v 6.873384 -0.019741 15.631508
v 6.870152 -0.019741 15.602818
v 7.070153 -0.019741 17.331745
v 7.070153 -0.019741 17.531746
v 6.870152 -0.019741 17.531746
v 6.870152 -0.019741 17.460672
v 6.873384 -0.019741 17.431984
v 6.882920 -0.019741 17.404734
v 6.898280 -0.019741 17.380287
v 6.918694 -0.019741 17.359873
v 6.943140 -0.019741 17.344513
v 6.970390 -0.019741 17.334978
v 6.999079 -0.019741 17.331745
v 5.070153 -0.019741 17.331745
v 5.070153 -0.019741 17.531746
v 5.270153 -0.019741 17.531746
v 5.141226 -0.019741 17.331745
v 5.169915 -0.019741 17.334978
v 5.197165 -0.019741 17.344513
v 5.221611 -0.019741 17.359873
v 5.242025 -0.019741 17.380289
v 5.257385 -0.019741 17.404734
v 5.266921 -0.019741 17.431984
v 5.270153 -0.019741 17.460672
v 11.070154 -0.034856 11.531745
v 11.070154 -0.034856 13.531745
v 13.070154 -0.034856 13.531745
v 12.870154 -0.034856 11.531744
v 11.270154 -0.034856 11.531745
v 11.270154 -0.034856 11.731745
v 11.270154 -0.034856 11.531745
v 11.270154 -0.034856 13.531745
v 11.999540 -0.034856 13.531745
v 12.140768 -0.034856 13.531745
v 12.870154 -0.034856 13.531745
v 11.270154 -0.004626 11.531745
v 11.070154 -0.004626 11.531745
v 11.070154 -0.004626 13.531745
v 12.870154 -0.004626 13.531745
v 13.070154 -0.004626 13.531745
v 12.870154 -0.004626 11.531744
v 11.270154 -0.004626 13.531745
v 11.270154 -0.004626 11.531745
v 11.270154 -0.004626 11.731745
v 11.999540 -0.024856 13.531745
v 12.140768 -0.024856 13.531745
v 11.070154 -0.034856 11.731745
v 13.070154 -0.034856 11.731745
v 11.270154 -0.034856 11.731745
v 11.999540 -0.034856 11.731745
v 12.870154 -0.034856 11.731745
v 11.070154 -0.004626 11.731745
v 13.070154 -0.004626 11.731745
v 11.270154 -0.004626 11.731745
v 12.870154 -0.004626 11.731745
v 11.070154 -0.034856 13.331743
v 11.070154 -0.004626 13.331743
v 13.070154 -0.034856 13.331744
v 11.999540 -0.034856 13.331744
v 12.140768 -0.034856 13.331744
v 12.870154 -0.034856 13.331744
v 13.070154 -0.004626 13.331744
v 12.870154 -0.004626 13.331744
v 11.999540 -0.024856 13.331744
v 12.140768 -0.024856 13.331744
v 13.070154 -0.034856 12.602358
v 11.270154 -0.034856 12.602358
v 11.999540 -0.034856 12.602358
v 12.140768 -0.034856 12.602358
v 12.870154 -0.034856 12.602358
v 13.070154 -0.004626 12.602358
v 12.870154 -0.004626 12.602358
v 11.999540 -0.024856 12.602358
v 12.140768 -0.024856 12.602358
v 13.070154 -0.034856 12.461130
v 11.270154 -0.034856 12.461130
v 11.999540 -0.034856 12.461130
v 12.870154 -0.034856 12.461130
v 13.070154 -0.004626 12.461130
v 12.870154 -0.004626 12.461130
v 11.999540 -0.024856 12.461130
v 11.270154 -0.024856 12.602358
v 11.999540 -0.024856 12.602358
v 11.270154 -0.024856 12.461130
v 11.999540 -0.024856 12.461130
v 11.070154 -0.034856 11.731745
v 11.070154 -0.034856 12.602358
v 11.070154 -0.034856 12.461130
v 11.070154 -0.024856 12.602358
v 11.070154 -0.024856 12.461130
v 12.970154 -0.034856 11.531744
v 13.070154 -0.034856 11.631744
v 13.001056 -0.034856 11.536638
v 13.028933 -0.034856 11.550842
v 13.051056 -0.034856 11.572966
v 13.065260 -0.034856 11.600843
v 13.070154 -0.004626 11.631744
v 12.970154 -0.004626 11.531744
v 13.065260 -0.004626 11.600843
v 13.051056 -0.004626 11.572966
v 13.028933 -0.004626 11.550842
v 13.001056 -0.004626 11.536638
v 12.040768 -0.034856 12.461130
v 12.140768 -0.034856 12.561131
v 12.140768 -0.034856 12.461130
v 12.071670 -0.034856 12.466024
v 12.099546 -0.034856 12.480228
v 12.121670 -0.034856 12.502352
v 12.135874 -0.034856 12.530229
v 12.140768 -0.024856 12.561131
v 12.040768 -0.024856 12.461130
v 12.135874 -0.024856 12.530229
v 12.121670 -0.024856 12.502352
v 12.099546 -0.024856 12.480228
v 12.071670 -0.024856 12.466024
v 11.162903 -0.034856 13.331743
v 11.270154 -0.034856 13.438994
v 11.186769 -0.034856 13.334433
v 11.209437 -0.034856 13.342365
v 11.229773 -0.034856 13.355143
v 11.246756 -0.034856 13.372125
v 11.259533 -0.034856 13.392460
v 11.267465 -0.034856 13.415129
v 11.270154 -0.004626 13.438994
v 11.162903 -0.004626 13.331743
v 11.267465 -0.004626 13.415129
v 11.259533 -0.004626 13.392460
v 11.246756 -0.004626 13.372125
v 11.229773 -0.004626 13.355143
v 11.209437 -0.004626 13.342365
v 11.186769 -0.004626 13.334433
v 12.793407 -0.034856 13.531745
v 12.821911 -0.034856 13.531745
v 12.793407 -0.034856 13.331744
v 12.821911 -0.034856 13.331744
v 12.793407 -0.034856 12.602358
v 12.821911 -0.034856 12.602358
v 12.140768 -0.034856 12.461130
v 11.999540 -0.034856 11.531744
v 11.999540 -0.004626 11.531744
v 12.140768 -0.004626 11.531744
v 12.140768 -0.034856 11.531744
v 12.140768 -0.034856 11.731745
v 11.999540 -0.034856 11.731745
v 11.999540 -0.004626 11.731745
v 12.140768 -0.004626 11.731745
v 12.793407 -0.034856 12.461130
v 12.821911 -0.034856 12.461130
v 12.870154 -0.034856 11.731745
v 12.821911 -0.034856 11.731745
v 12.821911 -0.034856 11.731745
v 12.680684 -0.034856 11.731745
v 12.821911 -0.034856 11.808491
v 12.821911 -0.034856 11.779987
v 12.680684 -0.034856 11.808491
v 12.680684 -0.034856 11.779987
v 12.793407 -0.034856 11.808491
v 12.821911 -0.034856 11.808491
v 11.999540 -0.034856 11.731745
v 11.999540 -0.034856 11.808491
v 11.999540 -0.034856 11.779987
v 11.270154 -0.034856 11.808491
v 11.270154 -0.034856 11.779987
v 11.999540 -0.034856 11.808491
v 11.999540 -0.034856 11.779987
v 11.070154 -0.034856 11.808491
v 11.070154 -0.034856 11.779987
v 11.270154 -0.034856 13.331743
v 11.318397 -0.034856 13.438994
v 11.318397 -0.034856 13.531745
v 11.318397 -0.034856 13.331743
v 11.346900 -0.034856 13.438994
v 11.346900 -0.034856 13.531745
v 11.346900 -0.034856 13.331743
v 11.270155 -0.034856 13.331743
v 11.177404 -0.034856 13.331743
v 11.070154 -0.034856 13.331744
v 11.177404 -0.034856 13.283501
v 11.270155 -0.034856 13.283501
v 11.070154 -0.034856 13.283501
v 11.177404 -0.034856 13.254997
v 11.270155 -0.034856 13.254997
v 11.070154 -0.034856 13.254997
v 11.318397 -0.034856 13.254997
v 11.346900 -0.034856 13.254997
v 11.318397 -0.034856 13.283501
v 11.346900 -0.034856 13.283501
v 11.346901 -0.034856 11.731745
v 11.346901 -0.034856 12.602358
v 11.346901 -0.034856 12.461130
v 11.346901 -0.024856 12.602358
v 11.346901 -0.024856 12.461130
v 11.346901 -0.034856 11.779987
v 11.346901 -0.034856 11.808491
v 1.070154 -0.034856 13.531745
v 3.070154 -0.034856 13.531745
v 1.070154 -0.034856 11.531744
v 3.070154 -0.034856 11.531744
v 1.070154 -0.034856 11.731745
v 1.070154 -0.034856 12.461130
v 1.070154 -0.034856 12.602358
v 1.070154 -0.034856 13.331745
v 3.070154 -0.034856 13.331745
v 3.070154 -0.034856 12.602359
v 3.070154 -0.034856 12.461130
v 3.070154 -0.034856 11.731745
v 1.070154 -0.004626 13.331745
v 1.070154 -0.004626 13.531745
v 3.070154 -0.004626 13.531745
v 3.070154 -0.004626 11.731745
v 3.070154 -0.004626 11.531744
v 1.070154 -0.004626 11.531744
v 1.070154 -0.004626 11.731745
v 3.070154 -0.004626 13.331745
v 1.070154 -0.024856 12.461130
v 1.070154 -0.024856 12.602358
v 3.070154 -0.024856 12.602359
v 3.070154 -0.024856 12.461130
v 1.070154 -0.019741 11.531744
v 3.070154 -0.019741 11.531744
v 3.070154 -0.019741 11.731745
v 1.070154 -0.019741 11.731745
v 1.070154 -0.019741 13.331745
v 3.070154 -0.019741 13.331745
v 3.070154 -0.019741 13.531745
v 1.070154 -0.019741 13.531745
v 1.070154 -0.034856 11.779987
v 1.070154 -0.034856 11.808491
v 3.070154 -0.034856 11.808491
v 3.070154 -0.034856 11.779987
v 1.070154 -0.034856 13.254999
v 1.070154 -0.034856 13.283502
v 3.070154 -0.034856 13.283503
v 3.070154 -0.034856 13.254999
v 3.070153 -0.034856 13.531745
v 5.070153 -0.034856 13.531745
v 3.070153 -0.034856 11.531744
v 5.070153 -0.034856 11.531745
v 3.070153 -0.034856 11.731745
v 3.070153 -0.034856 12.461130
v 3.070153 -0.034856 12.602359
v 3.070153 -0.034856 13.331745
v 5.070153 -0.034856 13.331745
v 5.070153 -0.034856 12.602358
v 5.070153 -0.034856 12.461131
v 5.070153 -0.034856 11.731745
v 3.070153 -0.004626 13.331745
v 3.070153 -0.004626 13.531745
v 5.070153 -0.004626 13.531745
v 5.070153 -0.004626 11.731745
v 5.070153 -0.004626 11.531745
v 3.070153 -0.004626 11.531744
v 3.070153 -0.004626 11.731745
v 5.070153 -0.004626 13.331745
v 3.070153 -0.024856 12.461130
v 3.070153 -0.024856 12.602359
v 5.070153 -0.024856 12.602358
v 5.070153 -0.024856 12.461131
v 3.070153 -0.019741 11.531744
v 5.070153 -0.019741 11.531745
v 5.070153 -0.019741 11.731745
v 3.070153 -0.019741 11.731745
v 3.070153 -0.019741 13.331745
v 5.070153 -0.019741 13.331745
v 5.070153 -0.019741 13.531745
v 3.070153 -0.019741 13.531745
v 3.070153 -0.034856 11.779987
v 3.070153 -0.034856 11.808491
v 5.070153 -0.034856 11.808491
v 5.070153 -0.034856 11.779987
v 3.070153 -0.034856 13.254999
v 3.070153 -0.034856 13.283503
v 5.070153 -0.034856 13.283502
v 5.070153 -0.034856 13.254999
v 7.070154 -0.034856 13.531745
v 9.070154 -0.034856 13.531745
v 7.070154 -0.034856 11.531745
v 9.070154 -0.034856 11.531745
v 7.070154 -0.034856 11.731745
v 7.070154 -0.034856 12.461131
v 7.070154 -0.034856 12.602358
v 7.070154 -0.034856 13.331745
v 9.070154 -0.034856 13.331745
v 9.070154 -0.034856 12.602358
v 9.070154 -0.034856 12.461131
v 9.070154 -0.034856 11.731745
v 7.070154 -0.004626 13.331745
v 7.070154 -0.004626 13.531745
v 9.070154 -0.004626 13.531745
v 9.070154 -0.004626 11.731745
v 9.070154 -0.004626 11.531745
v 7.070154 -0.004626 11.531745
v 7.070154 -0.004626 11.731745
v 9.070154 -0.004626 13.331745
v 7.070154 -0.024856 12.461131
v 7.070154 -0.024856 12.602358
v 9.070154 -0.024856 12.602358
v 9.070154 -0.024856 12.461131
v 7.070154 -0.019741 11.531745
v 9.070154 -0.019741 11.531745
v 9.070154 -0.019741 11.731745
v 7.070154 -0.019741 11.731745
v 7.070154 -0.019741 13.331745
v 9.070154 -0.019741 13.331745
v 9.070154 -0.019741 13.531745
v 7.070154 -0.019741 13.531745
v 7.070154 -0.034856 11.779987
v 7.070154 -0.034856 11.808491
v 9.070154 -0.034856 11.808491
v 9.070154 -0.034856 11.779987
v 7.070154 -0.034856 13.254999
v 7.070154 -0.034856 13.283502
v 9.070154 -0.034856 13.283502
v 9.070154 -0.034856 13.254999
v 9.070154 -0.034856 13.531745
v 11.070154 -0.034856 13.531745
v 9.070154 -0.034856 11.531745
v 11.070154 -0.034856 11.531745
v 9.070154 -0.034856 11.731745
v 9.070154 -0.034856 12.461131
v 9.070154 -0.034856 12.602358
v 9.070154 -0.034856 13.331745
v 11.070154 -0.034856 13.331745
v 11.070154 -0.034856 12.602358
v 11.070154 -0.034856 12.461131
v 11.070154 -0.034856 11.731745
v 9.070154 -0.004626 13.331745
v 9.070154 -0.004626 13.531745
v 11.070154 -0.004626 13.531745
v 11.070154 -0.004626 11.731745
v 11.070154 -0.004626 11.531745
v 9.070154 -0.004626 11.531745
v 9.070154 -0.004626 11.731745
v 11.070154 -0.004626 13.331745
v 9.070154 -0.024856 12.461131
v 9.070154 -0.024856 12.602358
v 11.070154 -0.024856 12.602358
v 11.070154 -0.024856 12.461131
v 9.070154 -0.019741 11.531745
v 11.070154 -0.019741 11.531745
v 11.070154 -0.019741 11.731745
v 9.070154 -0.019741 11.731745
v 9.070154 -0.019741 13.331745
v 11.070154 -0.019741 13.331745
v 11.070154 -0.019741 13.531745
v 9.070154 -0.019741 13.531745
v 9.070154 -0.034856 11.779987
v 9.070154 -0.034856 11.808491
v 11.070154 -0.034856 11.808491
v 11.070154 -0.034856 11.779987
v 9.070154 -0.034856 13.254999
v 9.070154 -0.034856 13.283502
v 11.070154 -0.034856 13.283502
v 11.070154 -0.034856 13.254999
v 7.070153 -0.034856 15.531745
v 7.070154 -0.034856 13.531745
v 5.070153 -0.034856 15.531745
v 5.070153 -0.034856 13.531745
v 5.270154 -0.034856 15.531745
v 5.999539 -0.034856 15.531745
v 6.140767 -0.034856 15.531745
v 6.870153 -0.034856 15.531745
v 6.870153 -0.034856 13.531745
v 6.140767 -0.034856 13.531745
v 5.999539 -0.034856 13.531745
v 5.270153 -0.034856 13.531745
v 6.870153 -0.004626 15.531745
v 7.070153 -0.004626 15.531745
v 7.070154 -0.004626 13.531745
v 5.270153 -0.004626 13.531745
v 5.070153 -0.004626 13.531745
v 5.070153 -0.004626 15.531745
v 5.270154 -0.004626 15.531745
v 6.870153 -0.004626 13.531745
v 5.999539 -0.024856 15.531745
v 6.140767 -0.024856 15.531745
v 6.140767 -0.024856 13.531745
v 5.999539 -0.024856 13.531745
v 5.070153 -0.019741 15.531745
v 5.070153 -0.019741 13.531745
v 5.270153 -0.019741 13.531745
v 5.270154 -0.019741 15.531745
v 6.870153 -0.019741 15.531745
v 6.870153 -0.019741 13.531745
v 7.070154 -0.019741 13.531745
v 7.070153 -0.019741 15.531745
v 5.318396 -0.034856 15.531745
v 5.346900 -0.034856 15.531745
v 5.346899 -0.034856 13.531745
v 5.318396 -0.034856 13.531745
v 6.793407 -0.034856 15.531745
v 6.821911 -0.034856 15.531745
v 6.821911 -0.034856 13.531745
v 6.793407 -0.034856 13.531745
v 1.070154 -0.034856 15.531745
v 1.070154 -0.034856 13.531745
v -0.929846 -0.034856 15.531745
v -0.929846 -0.034856 13.531745
v -0.729846 -0.034856 15.531745
v -0.000460 -0.034856 15.531745
v 0.140768 -0.034856 15.531745
v 0.870154 -0.034856 15.531745
v 0.870154 -0.034856 13.531745
v 0.140768 -0.034856 13.531745
v -0.000460 -0.034856 13.531745
v -0.729846 -0.034856 13.531745
v 0.870154 -0.004626 15.531745
v 1.070154 -0.004626 15.531745
v 1.070154 -0.004626 13.531745
v -0.729846 -0.004626 13.531745
v -0.929846 -0.004626 13.531745
v -0.929846 -0.004626 15.531745
v -0.729846 -0.004626 15.531745
v 0.870154 -0.004626 13.531745
v -0.000460 -0.024856 15.531745
v 0.140768 -0.024856 15.531745
v 0.140768 -0.024856 13.531745
v -0.000460 -0.024856 13.531745
v -0.929846 -0.019741 15.531745
v -0.929846 -0.019741 13.531745
v -0.729846 -0.019741 13.531745
v -0.729846 -0.019741 15.531745
v 0.870154 -0.019741 15.531745
v 0.870154 -0.019741 13.531745
v 1.070154 -0.019741 13.531745
v 1.070154 -0.019741 15.531745
v -0.681603 -0.034856 15.531745
v -0.653100 -0.034856 15.531745
v -0.653100 -0.034856 13.531745
v -0.681603 -0.034856 13.531745
v 0.793408 -0.034856 15.531745
v 0.821912 -0.034856 15.531745
v 0.821912 -0.034856 13.531745
v 0.793408 -0.034856 13.531745
v 13.070154 -0.034856 15.531745
v 13.070154 -0.034856 13.531745
v 11.070154 -0.034856 15.531745
v 11.070154 -0.034856 13.531745
v 11.270154 -0.034856 15.531745
v 11.999540 -0.034856 15.531745
v 12.140768 -0.034856 15.531745
v 12.870154 -0.034856 15.531745
v 12.870154 -0.034856 13.531745
v 12.140768 -0.034856 13.531745
v 11.999540 -0.034856 13.531745
v 11.270154 -0.034856 13.531745
v 12.870154 -0.004626 15.531745
v 13.070154 -0.004626 15.531745
v 13.070154 -0.004626 13.531745
v 11.270154 -0.004626 13.531745
v 11.070154 -0.004626 13.531745
v 11.070154 -0.004626 15.531745
v 11.270154 -0.004626 15.531745
v 12.870154 -0.004626 13.531745
v 11.999540 -0.024856 15.531745
v 12.140768 -0.024856 15.531745
v 12.140768 -0.024856 13.531745
v 11.999540 -0.024856 13.531745
v 11.070154 -0.019741 15.531745
v 11.070154 -0.019741 13.531745
v 11.270154 -0.019741 13.531745
v 11.270154 -0.019741 15.531745
v 12.870154 -0.019741 15.531745
v 12.870154 -0.019741 13.531745
v 13.070154 -0.019741 13.531745
v 13.070154 -0.019741 15.531745
v 11.318397 -0.034856 15.531745
v 11.346900 -0.034856 15.531745
v 11.346900 -0.034856 13.531745
v 11.318397 -0.034856 13.531745
v 12.793407 -0.034856 15.531745
v 12.821911 -0.034856 15.531745
v 12.821911 -0.034856 13.531745
v 12.793407 -0.034856 13.531745
v 11.070154 -0.034856 15.531746
v 11.070154 -0.034856 17.531746
v 13.070154 -0.034856 15.531746
v 13.070154 -0.034856 17.531746
v 12.870154 -0.034856 15.531746
v 12.140768 -0.034856 15.531746
v 11.999540 -0.034856 15.531746
v 11.270154 -0.034856 15.531746
v 11.270154 -0.034856 17.531746
v 11.999540 -0.034856 17.531746
v 12.140767 -0.034856 17.531746
v 12.870153 -0.034856 17.531746
v 11.270154 -0.004626 15.531746
v 11.070154 -0.004626 15.531746
v 11.070154 -0.004626 17.531746
v 12.870153 -0.004626 17.531746
v 13.070154 -0.004626 17.531746
v 13.070154 -0.004626 15.531746
v 12.870154 -0.004626 15.531746
v 11.270154 -0.004626 17.531746
v 11.070154 -0.034856 15.731746
v 13.070154 -0.034856 15.731746
v 11.999540 -0.034856 15.731746
v 12.140768 -0.034856 15.731746
v 12.870154 -0.034856 15.731746
v 11.070154 -0.004626 15.731746
v 13.070154 -0.004626 15.731746
v 12.870154 -0.004626 15.731746
v 11.070154 -0.034856 17.331745
v 11.070154 -0.004626 17.331745
v 13.070154 -0.034856 17.331745
v 11.999540 -0.034856 17.331745
v 12.140767 -0.034856 17.331745
v 12.870153 -0.034856 17.331745
v 13.070154 -0.004626 17.331745
v 12.870153 -0.004626 17.331745
v 13.070154 -0.034856 16.602360
v 11.270154 -0.034856 16.602360
v 11.999540 -0.034856 16.602360
v 12.140767 -0.034856 16.602360
v 12.870153 -0.034856 16.602360
v 13.070154 -0.004626 16.602360
v 12.870153 -0.004626 16.602360
v 13.070154 -0.034856 16.461132
v 11.270154 -0.034856 16.461132
v 11.999540 -0.034856 16.461132
v 12.140767 -0.034856 16.461132
v 12.870153 -0.034856 16.461132
v 13.070154 -0.004626 16.461132
v 12.870153 -0.004626 16.461132
v 11.070154 -0.034856 15.731746
v 11.070154 -0.034856 17.331745
v 11.070154 -0.034856 16.602360
v 11.070154 -0.034856 16.461132
v 11.270154 -0.034856 15.610106
v 11.148515 -0.034856 15.731746
v 11.148515 -0.034856 15.731746
v 11.270154 -0.034856 15.853384
v 11.391792 -0.034856 15.731746
v 11.267104 -0.034856 15.637174
v 11.258108 -0.034856 15.662884
v 11.243616 -0.034856 15.685947
v 11.224356 -0.034856 15.705208
v 11.201292 -0.034856 15.719700
v 11.175583 -0.034856 15.728696
v 11.148515 -0.004626 15.731746
v 11.270154 -0.004626 15.610106
v 11.175583 -0.004626 15.728696
v 11.201292 -0.004626 15.719700
v 11.224356 -0.004626 15.705208
v 11.243616 -0.004626 15.685947
v 11.258108 -0.004626 15.662884
v 11.267104 -0.004626 15.637174
v 11.148515 -0.034856 17.331745
v 11.270154 -0.034856 17.453384
v 11.391792 -0.034856 17.331745
v 11.270154 -0.034856 17.210106
v 11.148515 -0.034856 17.331745
v 11.175582 -0.034856 17.334795
v 11.201292 -0.034856 17.343790
v 11.224356 -0.034856 17.358282
v 11.243616 -0.034856 17.377542
v 11.258108 -0.034856 17.400606
v 11.267104 -0.034856 17.426317
v 11.270154 -0.004626 17.453384
v 11.148515 -0.004626 17.331745
v 11.267104 -0.004626 17.426317
v 11.258108 -0.004626 17.400606
v 11.243616 -0.004626 17.377542
v 11.224356 -0.004626 17.358282
v 11.201292 -0.004626 17.343790
v 11.175582 -0.004626 17.334795
v 12.821911 -0.034856 15.531746
v 12.793407 -0.034856 15.531746
v 12.793407 -0.034856 17.531746
v 12.821911 -0.034856 17.531746
v 12.793407 -0.034856 15.731746
v 12.821911 -0.034856 15.731746
v 12.793407 -0.034856 17.331745
v 12.821911 -0.034856 17.331745
v 12.793407 -0.034856 16.602360
v 12.821911 -0.034856 16.602360
v 12.793407 -0.034856 16.461132
v 12.821911 -0.034856 16.461132
v 1.070154 -0.034856 17.531746
v 1.070154 -0.034856 15.531746
v -0.929846 -0.034856 17.531746
v -0.929846 -0.034856 15.531746
v -0.729846 -0.034856 17.531746
v -0.000460 -0.034856 17.531746
v 0.140768 -0.034856 17.531746
v 0.870154 -0.034856 17.531746
v 0.870154 -0.034856 15.531746
v 0.140768 -0.034856 15.531746
v -0.000460 -0.034856 15.531746
v -0.729846 -0.034856 15.531746
v 0.870154 -0.004626 17.531746
v 1.070154 -0.004626 17.531746
v 1.070154 -0.004626 15.531746
v -0.729846 -0.004626 15.531746
v -0.929846 -0.004626 15.531746
v -0.929846 -0.004626 17.531746
v -0.729846 -0.004626 17.531746
v 0.870154 -0.004626 15.531746
v 1.070154 -0.034856 17.331745
v -0.929846 -0.034856 17.331745
v 0.140768 -0.034856 17.331745
v -0.000460 -0.034856 17.331745
v -0.729846 -0.034856 17.331745
v 1.070154 -0.004626 17.331745
v -0.929846 -0.004626 17.331745
v -0.729846 -0.004626 17.331745
v 1.070154 -0.034856 15.731747
v 1.070154 -0.004626 15.731747
v -0.929846 -0.034856 15.731747
v 0.140768 -0.034856 15.731747
v -0.000460 -0.034856 15.731747
v -0.729846 -0.034856 15.731747
v -0.929846 -0.004626 15.731747
v -0.729846 -0.004626 15.731747
v -0.929846 -0.034856 16.461132
v 0.870154 -0.034856 16.461132
v 0.140768 -0.034856 16.461132
v -0.000460 -0.034856 16.461132
v -0.729846 -0.034856 16.461132
v -0.929846 -0.004626 16.461132
v -0.729846 -0.004626 16.461132
v -0.929846 -0.034856 16.602360
v 0.870154 -0.034856 16.602360
v 0.140768 -0.034856 16.602360
v -0.000460 -0.034856 16.602360
v -0.729846 -0.034856 16.602360
v -0.929846 -0.004626 16.602360
v -0.729846 -0.004626 16.602360
v 1.070154 -0.034856 17.331745
v 1.070154 -0.034856 15.731747
v 1.070154 -0.034856 16.461132
v 1.070154 -0.034856 16.602360
v 0.870154 -0.034856 17.453384
v 0.991793 -0.034856 17.331745
v 0.991793 -0.034856 17.331745
v 0.870154 -0.034856 17.210108
v 0.748515 -0.034856 17.331745
v 0.873204 -0.034856 17.426317
v 0.882200 -0.034856 17.400608
v 0.896692 -0.034856 17.377544
v 0.915953 -0.034856 17.358284
v 0.939016 -0.034856 17.343792
v 0.964725 -0.034856 17.334795
v 0.991793 -0.004626 17.331745
v 0.870154 -0.004626 17.453384
v 0.964725 -0.004626 17.334795
v 0.939016 -0.004626 17.343792
v 0.915953 -0.004626 17.358284
v 0.896692 -0.004626 17.377544
v 0.882200 -0.004626 17.400608
v 0.873204 -0.004626 17.426317
v 0.991793 -0.034856 15.731747
v 0.870154 -0.034856 15.610107
v 0.748515 -0.034856 15.731747
v 0.870154 -0.034856 15.853385
v 0.991793 -0.034856 15.731747
v 0.964725 -0.034856 15.728697
v 0.939015 -0.034856 15.719701
v 0.915953 -0.034856 15.705209
v 0.896692 -0.034856 15.685948
v 0.882200 -0.034856 15.662885
v 0.873204 -0.034856 15.637175
v 0.870154 -0.004626 15.610107
v 0.991793 -0.004626 15.731747
v 0.873204 -0.004626 15.637175
v 0.882200 -0.004626 15.662885
v 0.896692 -0.004626 15.685948
v 0.915953 -0.004626 15.705209
v 0.939015 -0.004626 15.719701
v 0.964725 -0.004626 15.728697
v -0.681602 -0.034856 17.531746
v -0.653099 -0.034856 17.531746
v -0.653100 -0.034856 15.531746
v -0.681602 -0.034856 15.531746
v -0.653099 -0.034856 17.331745
v -0.681602 -0.034856 17.331745
v -0.653100 -0.034856 15.731747
v -0.681602 -0.034856 15.731747
v -0.653100 -0.034856 16.461132
v -0.681602 -0.034856 16.461132
v -0.653100 -0.034856 16.602360
v -0.681602 -0.034856 16.602360
v 1.070154 -0.034856 17.531746
v 3.070154 -0.034856 17.531746
v 1.070154 -0.034856 15.531746
v 3.070154 -0.034856 15.531746
v 1.070154 -0.034856 15.731746
v 1.070154 -0.034856 16.461132
v 1.070154 -0.034856 16.602360
v 1.070154 -0.034856 17.331745
v 3.070154 -0.034856 17.331745
v 3.070154 -0.034856 16.602360
v 3.070154 -0.034856 16.461132
v 3.070154 -0.034856 15.731746
v 1.070154 -0.004626 17.331745
v 1.070154 -0.004626 17.531746
v 3.070154 -0.004626 17.531746
v 3.070154 -0.004626 15.731746
v 3.070154 -0.004626 15.531746
v 1.070154 -0.004626 15.531746
v 1.070154 -0.004626 15.731746
v 3.070154 -0.004626 17.331745
v 1.070154 -0.024856 16.461132
v 1.070154 -0.024856 16.602360
v 3.070154 -0.024856 16.602360
v 3.070154 -0.024856 16.461132
v 1.070154 -0.019741 15.531746
v 3.070154 -0.019741 15.531746
v 3.070154 -0.019741 15.731746
v 1.070154 -0.019741 15.731746
v 1.070154 -0.019741 17.331745
v 3.070154 -0.019741 17.331745
v 3.070154 -0.019741 17.531746
v 1.070154 -0.019741 17.531746
v 1.070154 -0.034856 15.779988
v 1.070154 -0.034856 15.808492
v 3.070154 -0.034856 15.808492
v 3.070154 -0.034856 15.779988
v 1.070154 -0.034856 17.254999
v 1.070154 -0.034856 17.283503
v 3.070154 -0.034856 17.283503
v 3.070154 -0.034856 17.254999
v 3.070153 -0.034856 17.531746
v 5.070153 -0.034856 17.531746
v 3.070153 -0.034856 15.531746
v 5.070153 -0.034856 15.531746
v 3.070153 -0.034856 15.731746
v 3.070153 -0.034856 16.461132
v 3.070153 -0.034856 16.602360
v 3.070153 -0.034856 17.331745
v 5.070153 -0.034856 17.331745
v 5.070153 -0.034856 16.602360
v 5.070153 -0.034856 16.461132
v 5.070153 -0.034856 15.731746
v 3.070153 -0.004626 17.331745
v 3.070153 -0.004626 17.531746
v 5.070153 -0.004626 17.531746
v 5.070153 -0.004626 15.731746
v 5.070153 -0.004626 15.531746
v 3.070153 -0.004626 15.531746
v 3.070153 -0.004626 15.731746
v 5.070153 -0.004626 17.331745
v 3.070153 -0.024856 16.461132
v 3.070153 -0.024856 16.602360
v 5.070153 -0.024856 16.602360
v 5.070153 -0.024856 16.461132
v 3.070153 -0.019741 15.531746
v 5.070153 -0.019741 15.531746
v 5.070153 -0.019741 15.731746
v 3.070153 -0.019741 15.731746
v 3.070153 -0.019741 17.331745
v 5.070153 -0.019741 17.331745
v 5.070153 -0.019741 17.531746
v 3.070153 -0.019741 17.531746
v 3.070153 -0.034856 15.779988
v 3.070153 -0.034856 15.808492
v 5.070153 -0.034856 15.808492
v 5.070153 -0.034856 15.779988
v 3.070153 -0.034856 17.254999
v 3.070153 -0.034856 17.283503
v 5.070153 -0.034856 17.283503
v 5.070153 -0.034856 17.254999
v 7.070154 -0.034856 17.531746
v 9.070154 -0.034856 17.531746
v 7.070154 -0.034856 15.531746
v 9.070154 -0.034856 15.531746
v 7.070154 -0.034856 15.731746
v 7.070154 -0.034856 16.461132
v 7.070154 -0.034856 16.602360
v 7.070154 -0.034856 17.331745
v 9.070154 -0.034856 17.331745
v 9.070154 -0.034856 16.602360
v 9.070154 -0.034856 16.461132
v 9.070154 -0.034856 15.731746
v 7.070154 -0.004626 17.331745
v 7.070154 -0.004626 17.531746
v 9.070154 -0.004626 17.531746
v 9.070154 -0.004626 15.731746
v 9.070154 -0.004626 15.531746
v 7.070154 -0.004626 15.531746
v 7.070154 -0.004626 15.731746
v 9.070154 -0.004626 17.331745
v 7.070154 -0.024856 16.461132
v 7.070154 -0.024856 16.602360
v 9.070154 -0.024856 16.602360
v 9.070154 -0.024856 16.461132
v 7.070154 -0.019741 15.531746
v 9.070154 -0.019741 15.531746
v 9.070154 -0.019741 15.731746
v 7.070154 -0.019741 15.731746
v 7.070154 -0.019741 17.331745
v 9.070154 -0.019741 17.331745
v 9.070154 -0.019741 17.531746
v 7.070154 -0.019741 17.531746
v 7.070154 -0.034856 15.779988
v 7.070154 -0.034856 15.808492
v 9.070154 -0.034856 15.808492
v 9.070154 -0.034856 15.779988
v 7.070154 -0.034856 17.254999
v 7.070154 -0.034856 17.283503
v 9.070154 -0.034856 17.283503
v 9.070154 -0.034856 17.254999
v 7.070154 -0.034856 19.531746
v 5.070154 -0.034856 19.531748
v 7.070155 -0.034856 21.531748
v 5.070155 -0.034856 21.531748
v 7.070155 -0.034856 21.331747
v 7.070154 -0.034856 20.602362
v 7.070154 -0.034856 20.461134
v 7.070154 -0.034856 19.731747
v 5.070154 -0.034856 19.731747
v 5.070155 -0.034856 20.461134
v 5.070155 -0.034856 20.602362
v 5.070155 -0.034856 21.331749
v 7.070154 -0.004626 19.731747
v 7.070154 -0.004626 19.531746
v 5.070154 -0.004626 19.531748
v 5.070155 -0.004626 21.331749
v 5.070155 -0.004626 21.531748
v 7.070155 -0.004626 21.531748
v 7.070155 -0.004626 21.331747
v 5.070154 -0.004626 19.731747
v 6.870154 -0.034856 19.531748
v 6.870155 -0.034856 21.531748
v 6.870154 -0.034856 20.461134
v 6.870154 -0.034856 20.602362
v 6.870155 -0.034856 21.331747
v 6.870154 -0.004626 19.531748
v 6.870155 -0.004626 21.531748
v 6.870155 -0.004626 21.331747
v 5.270155 -0.034856 19.531748
v 5.270155 -0.004626 19.531748
v 5.270156 -0.034856 21.531748
v 5.270155 -0.034856 20.461134
v 5.270155 -0.034856 20.602362
v 5.270156 -0.034856 21.331749
v 5.270156 -0.004626 21.531748
v 5.270156 -0.004626 21.331749
v 5.999542 -0.034856 21.531748
v 5.999541 -0.034856 19.731747
v 5.999541 -0.034856 20.461134
v 5.999541 -0.034856 20.602362
v 5.999542 -0.034856 21.331749
v 5.999542 -0.004626 21.531748
v 5.999542 -0.004626 21.331749
v 6.140769 -0.034856 21.531748
v 6.140768 -0.034856 19.731747
v 6.140769 -0.034856 20.461134
v 6.140769 -0.034856 20.602362
v 6.140769 -0.034856 21.331749
v 6.140769 -0.004626 21.531748
v 6.140769 -0.004626 21.331749
v 6.870154 -0.034856 19.531748
v 5.270155 -0.034856 19.531748
v 5.999541 -0.034856 19.531748
v 6.140768 -0.034856 19.531748
v 6.991793 -0.034856 19.731747
v 6.870154 -0.034856 19.610107
v 6.870154 -0.034856 19.610107
v 6.748516 -0.034856 19.731747
v 6.870154 -0.034856 19.853386
v 6.964726 -0.034856 19.728699
v 6.939016 -0.034856 19.719702
v 6.915953 -0.034856 19.705210
v 6.896692 -0.034856 19.685949
v 6.882200 -0.034856 19.662886
v 6.873204 -0.034856 19.637177
v 6.870154 -0.004626 19.610107
v 6.991793 -0.004626 19.731747
v 6.873204 -0.004626 19.637177
v 6.882200 -0.004626 19.662886
v 6.896692 -0.004626 19.685949
v 6.915953 -0.004626 19.705210
v 6.939016 -0.004626 19.719702
v 6.964726 -0.004626 19.728699
v 5.270155 -0.034856 19.610109
v 5.148517 -0.034856 19.731747
v 5.270155 -0.034856 19.853386
v 5.391794 -0.034856 19.731747
v 5.270155 -0.034856 19.610109
v 5.267106 -0.034856 19.637177
v 5.258109 -0.034856 19.662886
v 5.243618 -0.034856 19.685949
v 5.224357 -0.034856 19.705210
v 5.201293 -0.034856 19.719702
v 5.175584 -0.034856 19.728699
v 5.148517 -0.004626 19.731747
v 5.270155 -0.004626 19.610109
v 5.175584 -0.004626 19.728699
v 5.201293 -0.004626 19.719702
v 5.224357 -0.004626 19.705210
v 5.243618 -0.004626 19.685949
v 5.258109 -0.004626 19.662886
v 5.267106 -0.004626 19.637177
v 7.070155 -0.034856 21.283504
v 7.070155 -0.034856 21.255001
v 5.070155 -0.034856 21.255001
v 5.070155 -0.034856 21.283504
v 6.870155 -0.034856 21.255001
v 6.870155 -0.034856 21.283504
v 5.270156 -0.034856 21.255001
v 5.270156 -0.034856 21.283504
v 5.999542 -0.034856 21.255001
v 5.999542 -0.034856 21.283504
v 6.140769 -0.034856 21.255001
v 6.140769 -0.034856 21.283504
v 13.070153 -0.034856 19.531746
v 11.070153 -0.034856 19.531746
v 11.070154 -0.034856 21.531746
v 13.070154 -0.034856 21.331745
v 13.070153 -0.034856 19.731745
v 12.870153 -0.034856 19.731745
v 13.070153 -0.034856 19.731745
v 11.070153 -0.034856 19.731747
v 11.070154 -0.034856 20.461132
v 11.070154 -0.034856 20.602360
v 11.070154 -0.034856 21.331745
v 13.070153 -0.004626 19.731745
v 13.070153 -0.004626 19.531746
v 11.070153 -0.004626 19.531746
v 11.070154 -0.004626 21.331745
v 11.070154 -0.004626 21.531746
v 13.070154 -0.004626 21.331745
v 11.070153 -0.004626 19.731747
v 13.070153 -0.004626 19.731745
v 12.870153 -0.004626 19.731745
v 11.070154 -0.024856 20.461132
v 11.070154 -0.024856 20.602360
v 12.870153 -0.034856 19.531746
v 12.870154 -0.034856 21.531746
v 12.870153 -0.034856 19.731745
v 12.870153 -0.034856 20.461132
v 12.870154 -0.034856 21.331745
v 12.870153 -0.004626 19.531746
v 12.870154 -0.004626 21.531746
v 12.870153 -0.004626 19.731745
v 12.870154 -0.004626 21.331745
v 11.270154 -0.034856 19.531746
v 11.270154 -0.004626 19.531746
v 11.270155 -0.034856 21.531746
v 11.270155 -0.034856 20.461132
v 11.270155 -0.034856 20.602360
v 11.270155 -0.034856 21.331745
v 11.270155 -0.004626 21.531746
v 11.270155 -0.004626 21.331745
v 11.270155 -0.024856 20.461132
v 11.270155 -0.024856 20.602360
v 11.999540 -0.034856 21.531746
v 11.999540 -0.034856 19.731745
v 11.999540 -0.034856 20.461132
v 11.999540 -0.034856 20.602360
v 11.999540 -0.034856 21.331745
v 11.999540 -0.004626 21.531746
v 11.999540 -0.004626 21.331745
v 11.999540 -0.024856 20.461132
v 11.999540 -0.024856 20.602360
v 12.140768 -0.034856 21.531746
v 12.140767 -0.034856 19.731745
v 12.140768 -0.034856 20.461132
v 12.140768 -0.034856 21.331745
v 12.140768 -0.004626 21.531746
v 12.140768 -0.004626 21.331745
v 12.140768 -0.024856 20.461132
v 11.999540 -0.024856 19.731745
v 11.999540 -0.024856 20.461132
v 12.140767 -0.024856 19.731745
v 12.140768 -0.024856 20.461132
v 12.870153 -0.034856 19.531746
v 11.999540 -0.034856 19.531746
v 12.140767 -0.034856 19.531746
v 11.999540 -0.024856 19.531746
v 12.140767 -0.024856 19.531746
v 13.070154 -0.034856 21.431746
v 12.970154 -0.034856 21.531746
v 13.065260 -0.034856 21.462646
v 13.051056 -0.034856 21.490524
v 13.028933 -0.034856 21.512648
v 13.001056 -0.034856 21.526852
v 12.970154 -0.004626 21.531746
v 13.070154 -0.004626 21.431746
v 13.001056 -0.004626 21.526852
v 13.028933 -0.004626 21.512648
v 13.051056 -0.004626 21.490524
v 13.065260 -0.004626 21.462646
v 12.140768 -0.034856 20.502359
v 12.040768 -0.034856 20.602360
v 12.140768 -0.034856 20.602360
v 12.135874 -0.034856 20.533260
v 12.121670 -0.034856 20.561138
v 12.099546 -0.034856 20.583261
v 12.071670 -0.034856 20.597466
v 12.040768 -0.024856 20.602360
v 12.140768 -0.024856 20.502359
v 12.071670 -0.024856 20.597466
v 12.099546 -0.024856 20.583261
v 12.121670 -0.024856 20.561138
v 12.135874 -0.024856 20.533260
v 11.270154 -0.034856 19.624495
v 11.162904 -0.034856 19.731747
v 11.267466 -0.034856 19.648361
v 11.259533 -0.034856 19.671030
v 11.246756 -0.034856 19.691364
v 11.229774 -0.034856 19.708347
v 11.209438 -0.034856 19.721125
v 11.186769 -0.034856 19.729057
v 11.162904 -0.004626 19.731747
v 11.270154 -0.004626 19.624495
v 11.186769 -0.004626 19.729057
v 11.209438 -0.004626 19.721125
v 11.229774 -0.004626 19.708347
v 11.246756 -0.004626 19.691364
v 11.259533 -0.004626 19.671030
v 11.267466 -0.004626 19.648361
v 11.070154 -0.034856 21.254999
v 11.070154 -0.034856 21.283503
v 11.270155 -0.034856 21.254999
v 11.270155 -0.034856 21.283503
v 11.999540 -0.034856 21.254999
v 11.999540 -0.034856 21.283503
v 12.140768 -0.034856 20.602360
v 13.070153 -0.034856 20.461132
v 13.070153 -0.004626 20.461132
v 13.070153 -0.004626 20.602360
v 13.070153 -0.034856 20.602360
v 12.870153 -0.034856 20.602360
v 12.870153 -0.034856 20.461132
v 12.870153 -0.004626 20.461132
v 12.870153 -0.004626 20.602360
v 12.140768 -0.034856 21.254999
v 12.140768 -0.034856 21.283503
v 12.870154 -0.034856 21.331745
v 12.870154 -0.034856 21.283503
v 12.870154 -0.034856 21.283503
v 12.870153 -0.034856 21.142275
v 12.793407 -0.034856 21.283503
v 12.821911 -0.034856 21.283503
v 12.793407 -0.034856 21.142275
v 12.821911 -0.034856 21.142275
v 12.793407 -0.034856 21.254999
v 12.793407 -0.034856 21.283503
v 12.870153 -0.034856 20.461132
v 12.793407 -0.034856 20.461132
v 12.821911 -0.034856 20.461132
v 12.793407 -0.034856 19.731745
v 12.821910 -0.034856 19.731745
v 12.793407 -0.034856 20.461132
v 12.821911 -0.034856 20.461132
v 12.793407 -0.034856 19.531746
v 12.821910 -0.034856 19.531746
v 11.270154 -0.034856 19.731747
v 11.162904 -0.034856 19.779989
v 11.070153 -0.034856 19.779989
v 11.270154 -0.034856 19.779989
v 11.162904 -0.034856 19.808493
v 11.070153 -0.034856 19.808493
v 11.270154 -0.034856 19.808493
v 11.270154 -0.034856 19.731747
v 11.270154 -0.034856 19.638996
v 11.270154 -0.034856 19.531746
v 11.318398 -0.034856 19.638996
v 11.318398 -0.034856 19.731747
v 11.318398 -0.034856 19.531746
v 11.346901 -0.034856 19.638996
v 11.346901 -0.034856 19.731747
v 11.346901 -0.034856 19.531746
v 11.346901 -0.034856 19.779989
v 11.346901 -0.034856 19.808493
v 11.318398 -0.034856 19.779989
v 11.318398 -0.034856 19.808493
v 12.870153 -0.034856 19.808493
v 11.999540 -0.034856 19.808493
v 12.140767 -0.034856 19.808493
v 11.999540 -0.024856 19.808493
v 12.140767 -0.024856 19.808493
v 12.821910 -0.034856 19.808493
v 12.793407 -0.034856 19.808493
v 1.070154 -0.034856 21.531746
v 1.070154 -0.034856 19.531746
v -0.929846 -0.034856 19.531746
v -0.729846 -0.034856 21.531746
v 0.870154 -0.034856 21.531746
v 0.870154 -0.034856 21.331745
v 0.870154 -0.034856 21.531746
v 0.870154 -0.034856 19.531746
v 0.140768 -0.034856 19.531746
v -0.000460 -0.034856 19.531746
v -0.729846 -0.034856 19.531746
v 0.870154 -0.004626 21.531746
v 1.070154 -0.004626 21.531746
v 1.070154 -0.004626 19.531746
v -0.729846 -0.004626 19.531746
v -0.929846 -0.004626 19.531746
v -0.729846 -0.004626 21.531746
v 0.870154 -0.004626 19.531746
v 0.870154 -0.004626 21.531746
v 0.870154 -0.004626 21.331745
v 0.140768 -0.024856 19.531746
v -0.000460 -0.024856 19.531746
v 1.070154 -0.034856 21.331745
v -0.929846 -0.034856 21.331745
v 0.870154 -0.034856 21.331745
v 0.140768 -0.034856 21.331745
v -0.729846 -0.034856 21.331745
v 1.070154 -0.004626 21.331745
v -0.929846 -0.004626 21.331745
v 0.870154 -0.004626 21.331745
v -0.729846 -0.004626 21.331745
v 1.070154 -0.034856 19.731747
v 1.070154 -0.004626 19.731747
v -0.929846 -0.034856 19.731747
v 0.140768 -0.034856 19.731747
v -0.000460 -0.034856 19.731747
v -0.729846 -0.034856 19.731747
v -0.929846 -0.004626 19.731747
v -0.729846 -0.004626 19.731747
v 0.140768 -0.024856 19.731747
v -0.000460 -0.024856 19.731747
v -0.929846 -0.034856 20.461132
v 0.870154 -0.034856 20.461132
v 0.140768 -0.034856 20.461132
v -0.000460 -0.034856 20.461132
v -0.729846 -0.034856 20.461132
v -0.929846 -0.004626 20.461132
v -0.729846 -0.004626 20.461132
v 0.140768 -0.024856 20.461132
v -0.000460 -0.024856 20.461132
v -0.929846 -0.034856 20.602360
v 0.870154 -0.034856 20.602360
v 0.140768 -0.034856 20.602360
v -0.729846 -0.034856 20.602360
v -0.929846 -0.004626 20.602360
v -0.729846 -0.004626 20.602360
v 0.140768 -0.024856 20.602360
v 0.870154 -0.024856 20.461132
v 0.140768 -0.024856 20.461132
v 0.870154 -0.024856 20.602360
v 0.140768 -0.024856 20.602360
v 1.070154 -0.034856 21.331745
v 1.070154 -0.034856 20.461132
v 1.070154 -0.034856 20.602360
v 1.070154 -0.024856 20.461132
v 1.070154 -0.024856 20.602360
v -0.829845 -0.034856 21.531746
v -0.929846 -0.034856 21.431746
v -0.860747 -0.034856 21.526852
v -0.888624 -0.034856 21.512648
v -0.910748 -0.034856 21.490524
v -0.924952 -0.034856 21.462646
v -0.929846 -0.004626 21.431746
v -0.829845 -0.004626 21.531746
v -0.924952 -0.004626 21.462646
v -0.910748 -0.004626 21.490524
v -0.888624 -0.004626 21.512648
v -0.860747 -0.004626 21.526852
v 0.099541 -0.034856 20.602360
v -0.000460 -0.034856 20.502359
v -0.000460 -0.034856 20.602360
v 0.068639 -0.034856 20.597466
v 0.040762 -0.034856 20.583261
v 0.018639 -0.034856 20.561138
v 0.004435 -0.034856 20.533262
v -0.000460 -0.024856 20.502359
v 0.099541 -0.024856 20.602360
v 0.004435 -0.024856 20.533262
v 0.018639 -0.024856 20.561138
v 0.040762 -0.024856 20.583261
v 0.068639 -0.024856 20.597466
v 0.977406 -0.034856 19.731747
v 0.870154 -0.034856 19.624496
v 0.953540 -0.034856 19.729057
v 0.930871 -0.034856 19.721125
v 0.910535 -0.034856 19.708347
v 0.893553 -0.034856 19.691366
v 0.880775 -0.034856 19.671030
v 0.872843 -0.034856 19.648361
v 0.870154 -0.004626 19.624496
v 0.977406 -0.004626 19.731747
v 0.872843 -0.004626 19.648361
v 0.880775 -0.004626 19.671030
v 0.893553 -0.004626 19.691366
v 0.910535 -0.004626 19.708347
v 0.930871 -0.004626 19.721125
v 0.953540 -0.004626 19.729057
v -0.653099 -0.034856 19.531746
v -0.681602 -0.034856 19.531746
v -0.653099 -0.034856 19.731747
v -0.681602 -0.034856 19.731747
v -0.653099 -0.034856 20.461132
v -0.681602 -0.034856 20.461132
v -0.000460 -0.034856 20.602360
v 0.140768 -0.034856 21.531746
v 0.140768 -0.004626 21.531746
v -0.000460 -0.004626 21.531746
v -0.000460 -0.034856 21.531746
v -0.000460 -0.034856 21.331745
v 0.140768 -0.034856 21.331745
v 0.140768 -0.004626 21.331745
v -0.000460 -0.004626 21.331745
v -0.653099 -0.034856 20.602360
v -0.681602 -0.034856 20.602360
v -0.729846 -0.034856 21.331745
v -0.681602 -0.034856 21.331745
v -0.681602 -0.034856 21.331745
v -0.540376 -0.034856 21.331745
v -0.681602 -0.034856 21.254999
v -0.681602 -0.034856 21.283503
v -0.540376 -0.034856 21.254999
v -0.540376 -0.034856 21.283503
v -0.653099 -0.034856 21.254999
v -0.681602 -0.034856 21.254999
v 0.140768 -0.034856 21.331745
v 0.140768 -0.034856 21.254999
v 0.140768 -0.034856 21.283503
v 0.870154 -0.034856 21.254999
v 0.870154 -0.034856 21.283503
v 0.140768 -0.034856 21.254999
v 0.140768 -0.034856 21.283503
v 1.070154 -0.034856 21.254999
v 1.070154 -0.034856 21.283503
v 0.870154 -0.034856 19.731747
v 0.821911 -0.034856 19.624496
v 0.821911 -0.034856 19.531746
v 0.821911 -0.034856 19.731747
v 0.793407 -0.034856 19.624496
v 0.793407 -0.034856 19.531746
v 0.793407 -0.034856 19.731747
v 0.870153 -0.034856 19.731747
v 0.962903 -0.034856 19.731747
v 1.070154 -0.034856 19.731747
v 0.962903 -0.034856 19.779989
v 0.870153 -0.034856 19.779989
v 1.070154 -0.034856 19.779989
v 0.962903 -0.034856 19.808493
v 0.870153 -0.034856 19.808493
v 1.070154 -0.034856 19.808493
v 0.821911 -0.034856 19.808493
v 0.793407 -0.034856 19.808493
v 0.821911 -0.034856 19.779989
v 0.793407 -0.034856 19.779989
v 0.793407 -0.034856 21.331745
v 0.793407 -0.034856 20.461132
v 0.793407 -0.034856 20.602360
v 0.793407 -0.024856 20.461132
v 0.793407 -0.024856 20.602360
v 0.793407 -0.034856 21.283503
v 0.793407 -0.034856 21.254999
v 11.070153 -0.034856 19.531746
v 9.070154 -0.034856 19.531746
v 11.070154 -0.034856 21.531746
v 9.070154 -0.034856 21.531746
v 11.070154 -0.034856 21.331745
v 11.070154 -0.034856 20.602360
v 11.070154 -0.034856 20.461132
v 11.070153 -0.034856 19.731745
v 9.070154 -0.034856 19.731747
v 9.070154 -0.034856 20.461132
v 9.070154 -0.034856 20.602360
v 9.070154 -0.034856 21.331745
v 11.070153 -0.004626 19.731745
v 11.070153 -0.004626 19.531746
v 9.070154 -0.004626 19.531746
v 9.070154 -0.004626 21.331745
v 9.070154 -0.004626 21.531746
v 11.070154 -0.004626 21.531746
v 11.070154 -0.004626 21.331745
v 9.070154 -0.004626 19.731747
v 11.070154 -0.024856 20.602360
v 11.070154 -0.024856 20.461132
v 9.070154 -0.024856 20.461132
v 9.070154 -0.024856 20.602360
v 11.070154 -0.019741 21.531746
v 9.070154 -0.019741 21.531746
v 9.070154 -0.019741 21.331745
v 11.070154 -0.019741 21.331745
v 11.070153 -0.019741 19.731745
v 9.070154 -0.019741 19.731747
v 9.070154 -0.019741 19.531746
v 11.070153 -0.019741 19.531746
v 11.070154 -0.034856 21.283503
v 11.070154 -0.034856 21.254999
v 9.070154 -0.034856 21.255001
v 9.070154 -0.034856 21.283504
v 11.070153 -0.034856 19.808491
v 11.070153 -0.034856 19.779987
v 9.070154 -0.034856 19.779989
v 9.070154 -0.034856 19.808493
v 9.070154 -0.034856 19.531746
v 7.070153 -0.034856 19.531746
v 9.070154 -0.034856 21.531746
v 7.070154 -0.034856 21.531746
v 9.070154 -0.034856 21.331745
v 9.070154 -0.034856 20.602360
v 9.070154 -0.034856 20.461132
v 9.070154 -0.034856 19.731745
v 7.070154 -0.034856 19.731747
v 7.070154 -0.034856 20.461132
v 7.070154 -0.034856 20.602360
v 7.070154 -0.034856 21.331745
v 9.070154 -0.004626 19.731745
v 9.070154 -0.004626 19.531746
v 7.070153 -0.004626 19.531746
v 7.070154 -0.004626 21.331745
v 7.070154 -0.004626 21.531746
v 9.070154 -0.004626 21.531746
v 9.070154 -0.004626 21.331745
v 7.070154 -0.004626 19.731747
v 9.070154 -0.024856 20.602360
v 9.070154 -0.024856 20.461132
v 7.070154 -0.024856 20.461132
v 7.070154 -0.024856 20.602360
v 9.070154 -0.019741 21.531746
v 7.070154 -0.019741 21.531746
v 7.070154 -0.019741 21.331745
v 9.070154 -0.019741 21.331745
v 9.070154 -0.019741 19.731745
v 7.070154 -0.019741 19.731747
v 7.070153 -0.019741 19.531746
v 9.070154 -0.019741 19.531746
v 9.070154 -0.034856 21.283503
v 9.070154 -0.034856 21.254999
v 7.070154 -0.034856 21.255001
v 7.070154 -0.034856 21.283504
v 9.070154 -0.034856 19.808491
v 9.070154 -0.034856 19.779987
v 7.070154 -0.034856 19.779989
v 7.070154 -0.034856 19.808491
v 5.070154 -0.034856 19.531746
v 3.070154 -0.034856 19.531746
v 5.070155 -0.034856 21.531746
v 3.070155 -0.034856 21.531746
v 5.070154 -0.034856 21.331745
v 5.070154 -0.034856 20.602360
v 5.070154 -0.034856 20.461132
v 5.070154 -0.034856 19.731747
v 3.070154 -0.034856 19.731747
v 3.070154 -0.034856 20.461132
v 3.070154 -0.034856 20.602360
v 3.070154 -0.034856 21.331745
v 5.070154 -0.004626 19.731747
v 5.070154 -0.004626 19.531746
v 3.070154 -0.004626 19.531746
v 3.070154 -0.004626 21.331745
v 3.070155 -0.004626 21.531746
v 5.070155 -0.004626 21.531746
v 5.070154 -0.004626 21.331745
v 3.070154 -0.004626 19.731747
v 5.070154 -0.024856 20.602360
v 5.070154 -0.024856 20.461132
v 3.070154 -0.024856 20.461132
v 3.070154 -0.024856 20.602360
v 5.070155 -0.019741 21.531746
v 3.070155 -0.019741 21.531746
v 3.070154 -0.019741 21.331745
v 5.070154 -0.019741 21.331745
v 5.070154 -0.019741 19.731747
v 3.070154 -0.019741 19.731747
v 3.070154 -0.019741 19.531746
v 5.070154 -0.019741 19.531746
v 5.070154 -0.034856 21.283503
v 5.070154 -0.034856 21.254999
v 3.070154 -0.034856 21.254999
v 3.070154 -0.034856 21.283503
v 5.070154 -0.034856 19.808491
v 5.070154 -0.034856 19.779987
v 3.070154 -0.034856 19.779989
v 3.070154 -0.034856 19.808493
v 3.070154 -0.034856 19.531746
v 1.070154 -0.034856 19.531746
v 3.070155 -0.034856 21.531746
v 1.070154 -0.034856 21.531746
v 3.070154 -0.034856 21.331745
v 3.070154 -0.034856 20.602360
v 3.070154 -0.034856 20.461132
v 3.070154 -0.034856 19.731747
v 1.070154 -0.034856 19.731747
v 1.070154 -0.034856 20.461132
v 1.070154 -0.034856 20.602360
v 1.070154 -0.034856 21.331745
v 3.070154 -0.004626 19.731747
v 3.070154 -0.004626 19.531746
v 1.070154 -0.004626 19.531746
v 1.070154 -0.004626 21.331745
v 1.070154 -0.004626 21.531746
v 3.070155 -0.004626 21.531746
v 3.070154 -0.004626 21.331745
v 1.070154 -0.004626 19.731747
v 3.070154 -0.024856 20.602360
v 3.070154 -0.024856 20.461132
v 1.070154 -0.024856 20.461132
v 1.070154 -0.024856 20.602360
v 3.070155 -0.019741 21.531746
v 1.070154 -0.019741 21.531746
v 1.070154 -0.019741 21.331745
v 3.070154 -0.019741 21.331745
v 3.070154 -0.019741 19.731747
v 1.070154 -0.019741 19.731747
v 1.070154 -0.019741 19.531746
v 3.070154 -0.019741 19.531746
v 3.070154 -0.034856 21.283503
v 3.070154 -0.034856 21.254999
v 1.070154 -0.034856 21.254999
v 1.070154 -0.034856 21.283503
v 3.070154 -0.034856 19.808493
v 3.070154 -0.034856 19.779989
v 1.070154 -0.034856 19.779989
v 1.070154 -0.034856 19.808493
v 5.070155 -0.034856 17.531746
v 5.070155 -0.034856 19.531746
v 7.070154 -0.034856 17.531746
v 7.070154 -0.034856 19.531746
v 6.870154 -0.034856 17.531746
v 6.140768 -0.034856 17.531746
v 5.999541 -0.034856 17.531746
v 5.270154 -0.034856 17.531746
v 5.270154 -0.034856 19.531746
v 5.999541 -0.034856 19.531746
v 6.140768 -0.034856 19.531746
v 6.870154 -0.034856 19.531746
v 5.270154 -0.004626 17.531746
v 5.070155 -0.004626 17.531746
v 5.070155 -0.004626 19.531746
v 6.870154 -0.004626 19.531746
v 7.070154 -0.004626 19.531746
v 7.070154 -0.004626 17.531746
v 6.870154 -0.004626 17.531746
v 5.270154 -0.004626 19.531746
v 6.140768 -0.024856 17.531746
v 5.999541 -0.024856 17.531746
v 5.999541 -0.024856 19.531746
v 6.140768 -0.024856 19.531746
v 7.070154 -0.019741 17.531746
v 7.070154 -0.019741 19.531746
v 6.870154 -0.019741 19.531746
v 6.870154 -0.019741 17.531746
v 5.270154 -0.019741 17.531746
v 5.270154 -0.019741 19.531746
v 5.070155 -0.019741 19.531746
v 5.070155 -0.019741 17.531746
v 6.821912 -0.034856 17.531746
v 6.793408 -0.034856 17.531746
v 6.793408 -0.034856 19.531746
v 6.821911 -0.034856 19.531746
v 5.346901 -0.034856 17.531746
v 5.318398 -0.034856 17.531746
v 5.318398 -0.034856 19.531746
v 5.346901 -0.034856 19.531746
v 11.070154 -0.034856 17.531746
v 11.070154 -0.034856 19.531746
v 13.070154 -0.034856 17.531746
v 13.070153 -0.034856 19.531746
v 12.870153 -0.034856 17.531746
v 12.140767 -0.034856 17.531746
v 11.999540 -0.034856 17.531746
v 11.270154 -0.034856 17.531746
v 11.270154 -0.034856 19.531746
v 11.999540 -0.034856 19.531746
v 12.140767 -0.034856 19.531746
v 12.870153 -0.034856 19.531746
v 11.270154 -0.004626 17.531746
v 11.070154 -0.004626 17.531746
v 11.070154 -0.004626 19.531746
v 12.870153 -0.004626 19.531746
v 13.070153 -0.004626 19.531746
v 13.070154 -0.004626 17.531746
v 12.870153 -0.004626 17.531746
v 11.270154 -0.004626 19.531746
v 12.140767 -0.024856 17.531746
v 11.999540 -0.024856 17.531746
v 11.999540 -0.024856 19.531746
v 12.140767 -0.024856 19.531746
v 13.070154 -0.019741 17.531746
v 13.070153 -0.019741 19.531746
v 12.870153 -0.019741 19.531746
v 12.870153 -0.019741 17.531746
v 11.270154 -0.019741 17.531746
v 11.270154 -0.019741 19.531746
v 11.070154 -0.019741 19.531746
v 11.070154 -0.019741 17.531746
v 12.821911 -0.034856 17.531746
v 12.793407 -0.034856 17.531746
v 12.793407 -0.034856 19.531746
v 12.821911 -0.034856 19.531746
v 11.346900 -0.034856 17.531746
v 11.318397 -0.034856 17.531746
v 11.318397 -0.034856 19.531746
v 11.346900 -0.034856 19.531746
v -0.929846 -0.034856 17.531746
v -0.929846 -0.034856 19.531746
v 1.070154 -0.034856 17.531746
v 1.070154 -0.034856 19.531746
v 0.870154 -0.034856 17.531746
v 0.140768 -0.034856 17.531746
v -0.000460 -0.034856 17.531746
v -0.729846 -0.034856 17.531746
v -0.729846 -0.034856 19.531746
v -0.000460 -0.034856 19.531746
v 0.140768 -0.034856 19.531746
v 0.870154 -0.034856 19.531746
v -0.729846 -0.004626 17.531746
v -0.929846 -0.004626 17.531746
v -0.929846 -0.004626 19.531746
v 0.870154 -0.004626 19.531746
v 1.070154 -0.004626 19.531746
v 1.070154 -0.004626 17.531746
v 0.870154 -0.004626 17.531746
v -0.729846 -0.004626 19.531746
v 0.140768 -0.024856 17.531746
v -0.000460 -0.024856 17.531746
v -0.000460 -0.024856 19.531746
v 0.140768 -0.024856 19.531746
v 1.070154 -0.019741 17.531746
v 1.070154 -0.019741 19.531746
v 0.870154 -0.019741 19.531746
v 0.870154 -0.019741 17.531746
v -0.729846 -0.019741 17.531746
v -0.729846 -0.019741 19.531746
v -0.929846 -0.019741 19.531746
v -0.929846 -0.019741 17.531746
v 0.821912 -0.034856 17.531746
v 0.793408 -0.034856 17.531746
v 0.793408 -0.034856 19.531746
v 0.821912 -0.034856 19.531746
v -0.653100 -0.034856 17.531746
v -0.681603 -0.034856 17.531746
v -0.681603 -0.034856 19.531746
v -0.653100 -0.034856 19.531746
v 6.828509 -0.032368 11.802981
v 7.070154 -0.032368 11.802981
v 6.828508 -0.032368 11.731744
v 7.070153 -0.032368 11.731744
v 6.828508 -0.032368 11.731744
v 6.828509 -0.032368 11.802981
v 7.070154 -0.032368 11.802981
v 7.070153 -0.032368 11.731744
v 6.828508 -0.032368 11.942072
v 7.070154 -0.032368 11.942072
v 6.828508 -0.032368 11.870834
v 7.070154 -0.032368 11.870834
v 6.828508 -0.032368 11.870834
v 6.828508 -0.032368 11.942072
v 7.070154 -0.032368 11.942072
v 7.070154 -0.032368 11.870834
v 6.828508 -0.032368 12.081163
v 7.070154 -0.032368 12.081163
v 6.828508 -0.032368 12.009926
v 7.070154 -0.032368 12.009926
v 6.828508 -0.032368 12.009926
v 6.828508 -0.032368 12.081163
v 7.070154 -0.032368 12.081163
v 7.070154 -0.032368 12.009926
v 6.828508 -0.032368 12.220254
v 7.070154 -0.032368 12.220254
v 6.828508 -0.032368 12.149017
v 7.070154 -0.032368 12.149017
v 6.828508 -0.032368 12.149017
v 6.828508 -0.032368 12.220254
v 7.070154 -0.032368 12.220254
v 7.070154 -0.032368 12.149017
v 6.828508 -0.032368 12.359344
v 7.070154 -0.032368 12.359344
v 6.828508 -0.032368 12.288108
v 7.070154 -0.032368 12.288108
v 6.828508 -0.032368 12.288108
v 6.828508 -0.032368 12.359344
v 7.070154 -0.032368 12.359344
v 7.070154 -0.032368 12.288108
v 6.828508 -0.032368 12.498436
v 7.070154 -0.032368 12.498436
v 6.828508 -0.032368 12.427198
v 7.070154 -0.032368 12.427198
v 6.828508 -0.032368 12.427198
v 6.828508 -0.032368 12.498436
v 7.070154 -0.032368 12.498436
v 7.070154 -0.032368 12.427198
v 6.828508 -0.032368 12.637527
v 7.070154 -0.032368 12.637527
v 6.828508 -0.032368 12.566290
v 7.070154 -0.032368 12.566290
v 6.828508 -0.032368 12.566290
v 6.828508 -0.032368 12.637527
v 7.070154 -0.032368 12.637527
v 7.070154 -0.032368 12.566290
v 6.828508 -0.032368 12.776617
v 7.070154 -0.032368 12.776617
v 6.828508 -0.032368 12.705380
v 7.070154 -0.032368 12.705380
v 6.828508 -0.032368 12.705380
v 6.828508 -0.032368 12.776617
v 7.070154 -0.032368 12.776617
v 7.070154 -0.032368 12.705380
v 6.828508 -0.032368 12.915709
v 7.070154 -0.032368 12.915709
v 6.828508 -0.032368 12.844471
v 7.070154 -0.032368 12.844471
v 6.828508 -0.032368 12.844471
v 6.828508 -0.032368 12.915709
v 7.070154 -0.032368 12.915709
v 7.070154 -0.032368 12.844471
v 6.828508 -0.032368 13.054799
v 7.070154 -0.032368 13.054799
v 6.828508 -0.032368 12.983562
v 7.070154 -0.032368 12.983562
v 6.828508 -0.032368 12.983562
v 6.828508 -0.032368 13.054799
v 7.070154 -0.032368 13.054799
v 7.070154 -0.032368 12.983562
v 6.828508 -0.032368 13.193890
v 7.070154 -0.032368 13.193890
v 6.828508 -0.032368 13.122653
v 7.070154 -0.032368 13.122653
v 6.828508 -0.032368 13.122653
v 6.828508 -0.032368 13.193890
v 7.070154 -0.032368 13.193890
v 7.070154 -0.032368 13.122653
v 6.828508 -0.032368 13.332981
v 7.070154 -0.032368 13.332981
v 6.828508 -0.032368 13.261744
v 7.070154 -0.032368 13.261744
v 6.828508 -0.032368 13.261744
v 6.828508 -0.032368 13.332981
v 7.070154 -0.032368 13.332981
v 7.070154 -0.032368 13.261744
v 5.070154 -0.032368 15.801745
v 5.311799 -0.032368 15.801745
v 5.070154 -0.032368 15.730508
v 5.311799 -0.032368 15.730508
v 5.070154 -0.032368 15.730508
v 5.070154 -0.032368 15.801745
v 5.311799 -0.032368 15.801745
v 5.311799 -0.032368 15.730508
v 5.070154 -0.032368 15.940836
v 5.311799 -0.032368 15.940836
v 5.070154 -0.032368 15.869599
v 5.311799 -0.032368 15.869599
v 5.070154 -0.032368 15.869599
v 5.070154 -0.032368 15.940836
v 5.311799 -0.032368 15.940836
v 5.311799 -0.032368 15.869599
v 5.070154 -0.032368 16.079927
v 5.311799 -0.032368 16.079927
v 5.070154 -0.032368 16.008690
v 5.311799 -0.032368 16.008690
v 5.070154 -0.032368 16.008690
v 5.070154 -0.032368 16.079927
v 5.311799 -0.032368 16.079927
v 5.311799 -0.032368 16.008690
v 5.070154 -0.032368 16.219019
v 5.311799 -0.032368 16.219019
v 5.070154 -0.032368 16.147781
v 5.311799 -0.032368 16.147781
v 5.070154 -0.032368 16.147781
v 5.070154 -0.032368 16.219019
v 5.311799 -0.032368 16.219019
v 5.311799 -0.032368 16.147781
v 5.070154 -0.032368 16.358109
v 5.311799 -0.032368 16.358109
v 5.070154 -0.032368 16.286871
v 5.311799 -0.032368 16.286871
v 5.070154 -0.032368 16.286871
v 5.070154 -0.032368 16.358109
v 5.311799 -0.032368 16.358109
v 5.311799 -0.032368 16.286871
v 5.070154 -0.032368 16.497200
v 5.311799 -0.032368 16.497200
v 5.070154 -0.032368 16.425962
v 5.311799 -0.032368 16.425962
v 5.070154 -0.032368 16.425962
v 5.070154 -0.032368 16.497200
v 5.311799 -0.032368 16.497200
v 5.311799 -0.032368 16.425962
v 5.070154 -0.032368 16.636292
v 5.311799 -0.032368 16.636292
v 5.070154 -0.032368 16.565054
v 5.311799 -0.032368 16.565054
v 5.070154 -0.032368 16.565054
v 5.070154 -0.032368 16.636292
v 5.311799 -0.032368 16.636292
v 5.311799 -0.032368 16.565054
v 5.070154 -0.032368 16.775381
v 5.311799 -0.032368 16.775381
v 5.070154 -0.032368 16.704145
v 5.311799 -0.032368 16.704145
v 5.070154 -0.032368 16.704145
v 5.070154 -0.032368 16.775381
v 5.311799 -0.032368 16.775381
v 5.311799 -0.032368 16.704145
v 5.070154 -0.032368 16.914473
v 5.311799 -0.032368 16.914473
v 5.070154 -0.032368 16.843235
v 5.311799 -0.032368 16.843235
v 5.070154 -0.032368 16.843235
v 5.070154 -0.032368 16.914473
v 5.311799 -0.032368 16.914473
v 5.311799 -0.032368 16.843235
v 5.070154 -0.032368 17.053564
v 5.311799 -0.032368 17.053564
v 5.070154 -0.032368 16.982327
v 5.311799 -0.032368 16.982327
v 5.070154 -0.032368 16.982327
v 5.070154 -0.032368 17.053564
v 5.311799 -0.032368 17.053564
v 5.311799 -0.032368 16.982327
v 5.070154 -0.032368 17.192654
v 5.311799 -0.032368 17.192654
v 5.070154 -0.032368 17.121418
v 5.311799 -0.032368 17.121418
v 5.070154 -0.032368 17.121418
v 5.070154 -0.032368 17.192654
v 5.311799 -0.032368 17.192654
v 5.311799 -0.032368 17.121418
v 5.070154 -0.032368 17.331745
v 5.311799 -0.032368 17.331745
v 5.070154 -0.032368 17.260508
v 5.311799 -0.032368 17.260508
v 5.070154 -0.032368 17.260508
v 5.070154 -0.032368 17.331745
v 5.311799 -0.032368 17.331745
v 5.311799 -0.032368 17.260508
v 6.828509 -0.032368 15.801745
v 7.070154 -0.032368 15.801745
v 6.828509 -0.032368 15.730508
v 7.070154 -0.032368 15.730508
v 6.828509 -0.032368 15.730508
v 6.828509 -0.032368 15.801745
v 7.070154 -0.032368 15.801745
v 7.070154 -0.032368 15.730508
v 6.828509 -0.032368 15.940836
v 7.070154 -0.032368 15.940836
v 6.828509 -0.032368 15.869598
v 7.070154 -0.032368 15.869599
v 6.828509 -0.032368 15.869598
v 6.828509 -0.032368 15.940836
v 7.070154 -0.032368 15.940836
v 7.070154 -0.032368 15.869599
v 6.828509 -0.032368 16.079927
v 7.070154 -0.032368 16.079927
v 6.828509 -0.032368 16.008690
v 7.070154 -0.032368 16.008690
v 6.828509 -0.032368 16.008690
v 6.828509 -0.032368 16.079927
v 7.070154 -0.032368 16.079927
v 7.070154 -0.032368 16.008690
v 6.828509 -0.032368 16.219017
v 7.070154 -0.032368 16.219017
v 6.828509 -0.032368 16.147781
v 7.070154 -0.032368 16.147781
v 6.828509 -0.032368 16.147781
v 6.828509 -0.032368 16.219017
v 7.070154 -0.032368 16.219017
v 7.070154 -0.032368 16.147781
v 6.828509 -0.032368 16.358109
v 7.070154 -0.032368 16.358109
v 6.828509 -0.032368 16.286871
v 7.070154 -0.032368 16.286871
v 6.828509 -0.032368 16.286871
v 6.828509 -0.032368 16.358109
v 7.070154 -0.032368 16.358109
v 7.070154 -0.032368 16.286871
v 6.828509 -0.032368 16.497200
v 7.070154 -0.032368 16.497200
v 6.828509 -0.032368 16.425962
v 7.070154 -0.032368 16.425962
v 6.828509 -0.032368 16.425962
v 6.828509 -0.032368 16.497200
v 7.070154 -0.032368 16.497200
v 7.070154 -0.032368 16.425962
v 6.828509 -0.032368 16.636290
v 7.070154 -0.032368 16.636290
v 6.828509 -0.032368 16.565054
v 7.070154 -0.032368 16.565054
v 6.828509 -0.032368 16.565054
v 6.828509 -0.032368 16.636290
v 7.070154 -0.032368 16.636290
v 7.070154 -0.032368 16.565054
v 6.828509 -0.032368 16.775381
v 7.070154 -0.032368 16.775381
v 6.828509 -0.032368 16.704144
v 7.070154 -0.032368 16.704144
v 6.828509 -0.032368 16.704144
v 6.828509 -0.032368 16.775381
v 7.070154 -0.032368 16.775381
v 7.070154 -0.032368 16.704144
v 6.828509 -0.032368 16.914473
v 7.070154 -0.032368 16.914473
v 6.828509 -0.032368 16.843235
v 7.070154 -0.032368 16.843235
v 6.828509 -0.032368 16.843235
v 6.828509 -0.032368 16.914473
v 7.070154 -0.032368 16.914473
v 7.070154 -0.032368 16.843235
v 6.828509 -0.032368 17.053564
v 7.070154 -0.032368 17.053564
v 6.828509 -0.032368 16.982327
v 7.070154 -0.032368 16.982327
v 6.828509 -0.032368 16.982327
v 6.828509 -0.032368 17.053564
v 7.070154 -0.032368 17.053564
v 7.070154 -0.032368 16.982327
v 6.828509 -0.032368 17.192654
v 7.070154 -0.032368 17.192654
v 6.828509 -0.032368 17.121416
v 7.070154 -0.032368 17.121416
v 6.828509 -0.032368 17.121416
v 6.828509 -0.032368 17.192654
v 7.070154 -0.032368 17.192654
v 7.070154 -0.032368 17.121416
v 6.828509 -0.032368 17.331745
v 7.070154 -0.032368 17.331745
v 6.828509 -0.032368 17.260508
v 7.070154 -0.032368 17.260508
v 6.828509 -0.032368 17.260508
v 6.828509 -0.032368 17.331745
v 7.070154 -0.032368 17.331745
v 7.070154 -0.032368 17.260508
v 5.070154 -0.032368 19.801746
v 5.311799 -0.032368 19.801746
v 5.070154 -0.032368 19.730511
v 5.311799 -0.032368 19.730511
v 5.070154 -0.032368 19.730511
v 5.070154 -0.032368 19.801746
v 5.311799 -0.032368 19.801746
v 5.311799 -0.032368 19.730511
v 5.070154 -0.032368 19.940838
v 5.311799 -0.032368 19.940838
v 5.070154 -0.032368 19.869600
v 5.311799 -0.032368 19.869600
v 5.070154 -0.032368 19.869600
v 5.070154 -0.032368 19.940838
v 5.311799 -0.032368 19.940838
v 5.311799 -0.032368 19.869600
v 5.070154 -0.032368 20.079929
v 5.311799 -0.032368 20.079929
v 5.070154 -0.032368 20.008692
v 5.311799 -0.032368 20.008692
v 5.070154 -0.032368 20.008692
v 5.070154 -0.032368 20.079929
v 5.311799 -0.032368 20.079929
v 5.311799 -0.032368 20.008692
v 5.070154 -0.032368 20.219021
v 5.311799 -0.032368 20.219021
v 5.070154 -0.032368 20.147783
v 5.311799 -0.032368 20.147783
v 5.070154 -0.032368 20.147783
v 5.070154 -0.032368 20.219021
v 5.311799 -0.032368 20.219021
v 5.311799 -0.032368 20.147783
v 5.070154 -0.032368 20.358110
v 5.311799 -0.032368 20.358110
v 5.070154 -0.032368 20.286873
v 5.311799 -0.032368 20.286873
v 5.070154 -0.032368 20.286873
v 5.070154 -0.032368 20.358110
v 5.311799 -0.032368 20.358110
v 5.311799 -0.032368 20.286873
v 5.070154 -0.032368 20.497202
v 5.311799 -0.032368 20.497202
v 5.070154 -0.032368 20.425964
v 5.311799 -0.032368 20.425964
v 5.070154 -0.032368 20.425964
v 5.070154 -0.032368 20.497202
v 5.311799 -0.032368 20.497202
v 5.311799 -0.032368 20.425964
v 5.070154 -0.032368 20.636292
v 5.311799 -0.032368 20.636292
v 5.070154 -0.032368 20.565056
v 5.311799 -0.032368 20.565056
v 5.070154 -0.032368 20.565056
v 5.070154 -0.032368 20.636292
v 5.311799 -0.032368 20.636292
v 5.311799 -0.032368 20.565056
v 5.070154 -0.032368 20.775383
v 5.311799 -0.032368 20.775383
v 5.070154 -0.032368 20.704147
v 5.311799 -0.032368 20.704147
v 5.070154 -0.032368 20.704147
v 5.070154 -0.032368 20.775383
v 5.311799 -0.032368 20.775383
v 5.311799 -0.032368 20.704147
v 5.070154 -0.032368 20.914474
v 5.311799 -0.032368 20.914474
v 5.070154 -0.032368 20.843237
v 5.311799 -0.032368 20.843237
v 5.070154 -0.032368 20.843237
v 5.070154 -0.032368 20.914474
v 5.311799 -0.032368 20.914474
v 5.311799 -0.032368 20.843237
v 5.070154 -0.032368 21.053566
v 5.311799 -0.032368 21.053566
v 5.070154 -0.032368 20.982328
v 5.311799 -0.032368 20.982328
v 5.070154 -0.032368 20.982328
v 5.070154 -0.032368 21.053566
v 5.311799 -0.032368 21.053566
v 5.311799 -0.032368 20.982328
v 5.070154 -0.032368 21.192656
v 5.311799 -0.032368 21.192656
v 5.070154 -0.032368 21.121418
v 5.311799 -0.032368 21.121418
v 5.070154 -0.032368 21.121418
v 5.070154 -0.032368 21.192656
v 5.311799 -0.032368 21.192656
v 5.311799 -0.032368 21.121418
v 5.070154 -0.032368 21.331747
v 5.311799 -0.032368 21.331747
v 5.070154 -0.032368 21.260509
v 5.311799 -0.032368 21.260509
v 5.070154 -0.032368 21.260509
v 5.070154 -0.032368 21.331747
v 5.311799 -0.032368 21.331747
v 5.311799 -0.032368 21.260509
v 6.828508 -0.032368 19.801746
v 7.070153 -0.032368 19.801746
v 6.828508 -0.032368 19.730511
v 7.070153 -0.032368 19.730511
v 6.828508 -0.032368 19.730511
v 6.828508 -0.032368 19.801746
v 7.070153 -0.032368 19.801746
v 7.070153 -0.032368 19.730511
v 6.828508 -0.032368 19.940838
v 7.070153 -0.032368 19.940838
v 6.828508 -0.032368 19.869600
v 7.070153 -0.032368 19.869600
v 6.828508 -0.032368 19.869600
v 6.828508 -0.032368 19.940838
v 7.070153 -0.032368 19.940838
v 7.070153 -0.032368 19.869600
v 6.828508 -0.032368 20.079929
v 7.070153 -0.032368 20.079929
v 6.828508 -0.032368 20.008692
v 7.070153 -0.032368 20.008692
v 6.828508 -0.032368 20.008692
v 6.828508 -0.032368 20.079929
v 7.070153 -0.032368 20.079929
v 7.070153 -0.032368 20.008692
v 6.828508 -0.032368 20.219021
v 7.070153 -0.032368 20.219021
v 6.828508 -0.032368 20.147783
v 7.070153 -0.032368 20.147783
v 6.828508 -0.032368 20.147783
v 6.828508 -0.032368 20.219021
v 7.070153 -0.032368 20.219021
v 7.070153 -0.032368 20.147783
v 6.828508 -0.032368 20.358110
v 7.070153 -0.032368 20.358110
v 6.828508 -0.032368 20.286873
v 7.070153 -0.032368 20.286873
v 6.828508 -0.032368 20.286873
v 6.828508 -0.032368 20.358110
v 7.070153 -0.032368 20.358110
v 7.070153 -0.032368 20.286873
v 6.828508 -0.032368 20.497202
v 7.070153 -0.032368 20.497202
v 6.828508 -0.032368 20.425964
v 7.070153 -0.032368 20.425964
v 6.828508 -0.032368 20.425964
v 6.828508 -0.032368 20.497202
v 7.070153 -0.032368 20.497202
v 7.070153 -0.032368 20.425964
v 6.828508 -0.032368 20.636292
v 7.070153 -0.032368 20.636292
v 6.828508 -0.032368 20.565056
v 7.070153 -0.032368 20.565056
v 6.828508 -0.032368 20.565056
v 6.828508 -0.032368 20.636292
v 7.070153 -0.032368 20.636292
v 7.070153 -0.032368 20.565056
v 6.828508 -0.032368 20.775383
v 7.070153 -0.032368 20.775383
v 6.828508 -0.032368 20.704147
v 7.070153 -0.032368 20.704147
v 6.828508 -0.032368 20.704147
v 6.828508 -0.032368 20.775383
v 7.070153 -0.032368 20.775383
v 7.070153 -0.032368 20.704147
v 6.828508 -0.032368 20.914474
v 7.070153 -0.032368 20.914474
v 6.828508 -0.032368 20.843237
v 7.070153 -0.032368 20.843237
v 6.828508 -0.032368 20.843237
v 6.828508 -0.032368 20.914474
v 7.070153 -0.032368 20.914474
v 7.070153 -0.032368 20.843237
v 6.828508 -0.032368 21.053566
v 7.070153 -0.032368 21.053566
v 6.828508 -0.032368 20.982328
v 7.070153 -0.032368 20.982328
v 6.828508 -0.032368 20.982328
v 6.828508 -0.032368 21.053566
v 7.070153 -0.032368 21.053566
v 7.070153 -0.032368 20.982328
v 6.828508 -0.032368 21.192656
v 7.070153 -0.032368 21.192656
v 6.828508 -0.032368 21.121418
v 7.070153 -0.032368 21.121418
v 6.828508 -0.032368 21.121418
v 6.828508 -0.032368 21.192656
v 7.070153 -0.032368 21.192656
v 7.070153 -0.032368 21.121418
v 6.828508 -0.032368 21.331747
v 7.070153 -0.032368 21.331747
v 6.828508 -0.032368 21.260509
v 7.070153 -0.032368 21.260509
v 6.828508 -0.032368 21.260509
v 6.828508 -0.032368 21.331747
v 7.070153 -0.032368 21.331747
v 7.070153 -0.032368 21.260509
v 11.070153 -0.032368 15.801746
v 11.311799 -0.032368 15.801746
v 11.070153 -0.032368 15.730509
v 11.311799 -0.032368 15.730509
v 11.070153 -0.032368 15.730509
v 11.070153 -0.032368 15.801746
v 11.311799 -0.032368 15.801746
v 11.311799 -0.032368 15.730509
v 11.070153 -0.032368 15.940837
v 11.311799 -0.032368 15.940837
v 11.070153 -0.032368 15.869599
v 11.311799 -0.032368 15.869600
v 11.070153 -0.032368 15.869599
v 11.070153 -0.032368 15.940837
v 11.311799 -0.032368 15.940837
v 11.311799 -0.032368 15.869600
v 11.070153 -0.032368 16.079927
v 11.311799 -0.032368 16.079927
v 11.070153 -0.032368 16.008690
v 11.311799 -0.032368 16.008690
v 11.070153 -0.032368 16.008690
v 11.070153 -0.032368 16.079927
v 11.311799 -0.032368 16.079927
v 11.311799 -0.032368 16.008690
v 11.070153 -0.032368 16.219019
v 11.311799 -0.032368 16.219019
v 11.070153 -0.032368 16.147781
v 11.311799 -0.032368 16.147781
v 11.070153 -0.032368 16.147781
v 11.070153 -0.032368 16.219019
v 11.311799 -0.032368 16.219019
v 11.311799 -0.032368 16.147781
v 11.070153 -0.032368 16.358110
v 11.311799 -0.032368 16.358110
v 11.070153 -0.032368 16.286873
v 11.311799 -0.032368 16.286873
v 11.070153 -0.032368 16.286873
v 11.070153 -0.032368 16.358110
v 11.311799 -0.032368 16.358110
v 11.311799 -0.032368 16.286873
v 11.070153 -0.032368 16.497200
v 11.311799 -0.032368 16.497200
v 11.070153 -0.032368 16.425964
v 11.311799 -0.032368 16.425964
v 11.070153 -0.032368 16.425964
v 11.070153 -0.032368 16.497200
v 11.311799 -0.032368 16.497200
v 11.311799 -0.032368 16.425964
v 11.070153 -0.032368 16.636292
v 11.311799 -0.032368 16.636292
v 11.070153 -0.032368 16.565054
v 11.311799 -0.032368 16.565054
v 11.070153 -0.032368 16.565054
v 11.070153 -0.032368 16.636292
v 11.311799 -0.032368 16.636292
v 11.311799 -0.032368 16.565054
v 11.070153 -0.032368 16.775383
v 11.311799 -0.032368 16.775383
v 11.070153 -0.032368 16.704145
v 11.311799 -0.032368 16.704145
v 11.070153 -0.032368 16.704145
v 11.070153 -0.032368 16.775383
v 11.311799 -0.032368 16.775383
v 11.311799 -0.032368 16.704145
v 11.070153 -0.032368 16.914473
v 11.311799 -0.032368 16.914473
v 11.070153 -0.032368 16.843237
v 11.311799 -0.032368 16.843237
v 11.070153 -0.032368 16.843237
v 11.070153 -0.032368 16.914473
v 11.311799 -0.032368 16.914473
v 11.311799 -0.032368 16.843237
v 11.070153 -0.032368 17.053564
v 11.311798 -0.032368 17.053564
v 11.070153 -0.032368 16.982327
v 11.311798 -0.032368 16.982327
v 11.070153 -0.032368 16.982327
v 11.070153 -0.032368 17.053564
v 11.311798 -0.032368 17.053564
v 11.311798 -0.032368 16.982327
v 11.070153 -0.032368 17.192656
v 11.311798 -0.032368 17.192656
v 11.070153 -0.032368 17.121418
v 11.311798 -0.032368 17.121418
v 11.070153 -0.032368 17.121418
v 11.070153 -0.032368 17.192656
v 11.311798 -0.032368 17.192656
v 11.311798 -0.032368 17.121418
v 11.070153 -0.032368 17.331745
v 11.311798 -0.032368 17.331745
v 11.070153 -0.032368 17.260509
v 11.311798 -0.032368 17.260509
v 11.070153 -0.032368 17.260509
v 11.070153 -0.032368 17.331745
v 11.311798 -0.032368 17.331745
v 11.311798 -0.032368 17.260509
v 0.828509 -0.032368 15.801745
v 1.070154 -0.032368 15.801745
v 0.828509 -0.032368 15.730509
v 1.070154 -0.032368 15.730509
v 0.828509 -0.032368 15.730509
v 0.828509 -0.032368 15.801745
v 1.070154 -0.032368 15.801745
v 1.070154 -0.032368 15.730509
v 0.828509 -0.032368 15.940836
v 1.070154 -0.032368 15.940836
v 0.828509 -0.032368 15.869599
v 1.070154 -0.032368 15.869599
v 0.828509 -0.032368 15.869599
v 0.828509 -0.032368 15.940836
v 1.070154 -0.032368 15.940836
v 1.070154 -0.032368 15.869599
v 0.828509 -0.032368 16.079927
v 1.070154 -0.032368 16.079927
v 0.828509 -0.032368 16.008690
v 1.070154 -0.032368 16.008690
v 0.828509 -0.032368 16.008690
v 0.828509 -0.032368 16.079927
v 1.070154 -0.032368 16.079927
v 1.070154 -0.032368 16.008690
v 0.828509 -0.032368 16.219019
v 1.070154 -0.032368 16.219019
v 0.828509 -0.032368 16.147781
v 1.070154 -0.032368 16.147781
v 0.828509 -0.032368 16.147781
v 0.828509 -0.032368 16.219019
v 1.070154 -0.032368 16.219019
v 1.070154 -0.032368 16.147781
v 0.828509 -0.032368 16.358109
v 1.070154 -0.032368 16.358109
v 0.828509 -0.032368 16.286871
v 1.070154 -0.032368 16.286871
v 0.828509 -0.032368 16.286871
v 0.828509 -0.032368 16.358109
v 1.070154 -0.032368 16.358109
v 1.070154 -0.032368 16.286871
v 0.828509 -0.032368 16.497200
v 1.070154 -0.032368 16.497200
v 0.828509 -0.032368 16.425962
v 1.070154 -0.032368 16.425962
v 0.828509 -0.032368 16.425962
v 0.828509 -0.032368 16.497200
v 1.070154 -0.032368 16.497200
v 1.070154 -0.032368 16.425962
v 0.828509 -0.032368 16.636292
v 1.070154 -0.032368 16.636292
v 0.828509 -0.032368 16.565054
v 1.070154 -0.032368 16.565054
v 0.828509 -0.032368 16.565054
v 0.828509 -0.032368 16.636292
v 1.070154 -0.032368 16.636292
v 1.070154 -0.032368 16.565054
v 0.828509 -0.032368 16.775381
v 1.070154 -0.032368 16.775381
v 0.828509 -0.032368 16.704145
v 1.070154 -0.032368 16.704145
v 0.828509 -0.032368 16.704145
v 0.828509 -0.032368 16.775381
v 1.070154 -0.032368 16.775381
v 1.070154 -0.032368 16.704145
v 0.828509 -0.032368 16.914473
v 1.070154 -0.032368 16.914473
v 0.828509 -0.032368 16.843235
v 1.070154 -0.032368 16.843235
v 0.828509 -0.032368 16.843235
v 0.828509 -0.032368 16.914473
v 1.070154 -0.032368 16.914473
v 1.070154 -0.032368 16.843235
v 0.828509 -0.032368 17.053564
v 1.070154 -0.032368 17.053564
v 0.828509 -0.032368 16.982327
v 1.070154 -0.032368 16.982327
v 0.828509 -0.032368 16.982327
v 0.828509 -0.032368 17.053564
v 1.070154 -0.032368 17.053564
v 1.070154 -0.032368 16.982327
v 0.828509 -0.032368 17.192654
v 1.070154 -0.032368 17.192654
v 0.828509 -0.032368 17.121418
v 1.070154 -0.032368 17.121418
v 0.828509 -0.032368 17.121418
v 0.828509 -0.032368 17.192654
v 1.070154 -0.032368 17.192654
v 1.070154 -0.032368 17.121418
v 0.828509 -0.032368 17.331745
v 1.070154 -0.032368 17.331745
v 0.828509 -0.032368 17.260508
v 1.070154 -0.032368 17.260508
v 0.828509 -0.032368 17.260508
v 0.828509 -0.032368 17.331745
v 1.070154 -0.032368 17.331745
v 1.070154 -0.032368 17.260508
v -0.658608 -0.032368 15.773391
v -0.658608 -0.032368 15.531746
v -0.729846 -0.032368 15.773391
v -0.729846 -0.032368 15.531746
v -0.729846 -0.032368 15.773391
v -0.658608 -0.032368 15.773391
v -0.658608 -0.032368 15.531746
v -0.729846 -0.032368 15.531746
v -0.519518 -0.032368 15.773391
v -0.519518 -0.032368 15.531746
v -0.590755 -0.032368 15.773391
v -0.590755 -0.032368 15.531746
v -0.590755 -0.032368 15.773391
v -0.519518 -0.032368 15.773391
v -0.519518 -0.032368 15.531746
v -0.590755 -0.032368 15.531746
v -0.380427 -0.032368 15.773391
v -0.380427 -0.032368 15.531746
v -0.451664 -0.032368 15.773391
v -0.451664 -0.032368 15.531746
v -0.451664 -0.032368 15.773391
v -0.380427 -0.032368 15.773391
v -0.380427 -0.032368 15.531746
v -0.451664 -0.032368 15.531746
v -0.241336 -0.032368 15.773391
v -0.241336 -0.032368 15.531746
v -0.312573 -0.032368 15.773391
v -0.312573 -0.032368 15.531746
v -0.312573 -0.032368 15.773391
v -0.241336 -0.032368 15.773391
v -0.241336 -0.032368 15.531746
v -0.312573 -0.032368 15.531746
v -0.102245 -0.032368 15.773391
v -0.102245 -0.032368 15.531746
v -0.173482 -0.032368 15.773391
v -0.173482 -0.032368 15.531746
v -0.173482 -0.032368 15.773391
v -0.102245 -0.032368 15.773391
v -0.102245 -0.032368 15.531746
v -0.173482 -0.032368 15.531746
v 0.036845 -0.032368 15.773390
v 0.036845 -0.032368 15.531746
v -0.034391 -0.032368 15.773390
v -0.034391 -0.032368 15.531746
v -0.034391 -0.032368 15.773390
v 0.036845 -0.032368 15.773390
v 0.036845 -0.032368 15.531746
v -0.034391 -0.032368 15.531746
v 0.175937 -0.032368 15.773390
v 0.175937 -0.032368 15.531746
v 0.104699 -0.032368 15.773390
v 0.104699 -0.032368 15.531746
v 0.104699 -0.032368 15.773390
v 0.175937 -0.032368 15.773390
v 0.175937 -0.032368 15.531746
v 0.104699 -0.032368 15.531746
v 0.315027 -0.032368 15.773390
v 0.315027 -0.032368 15.531746
v 0.243791 -0.032368 15.773390
v 0.243791 -0.032368 15.531746
v 0.243791 -0.032368 15.773390
v 0.315027 -0.032368 15.773390
v 0.315027 -0.032368 15.531746
v 0.243791 -0.032368 15.531746
v 0.454119 -0.032368 15.773390
v 0.454119 -0.032368 15.531746
v 0.382881 -0.032368 15.773390
v 0.382881 -0.032368 15.531746
v 0.382881 -0.032368 15.773390
v 0.454119 -0.032368 15.773390
v 0.454119 -0.032368 15.531746
v 0.382881 -0.032368 15.531746
v 0.593209 -0.032368 15.773390
v 0.593209 -0.032368 15.531746
v 0.521972 -0.032368 15.773390
v 0.521972 -0.032368 15.531746
v 0.521972 -0.032368 15.773390
v 0.593209 -0.032368 15.773390
v 0.593209 -0.032368 15.531746
v 0.521972 -0.032368 15.531746
v 0.732300 -0.032368 15.773390
v 0.732300 -0.032368 15.531746
v 0.661063 -0.032368 15.773390
v 0.661063 -0.032368 15.531746
v 0.661063 -0.032368 15.773390
v 0.732300 -0.032368 15.773390
v 0.732300 -0.032368 15.531746
v 0.661063 -0.032368 15.531746
v 0.871391 -0.032368 15.773390
v 0.871391 -0.032368 15.531746
v 0.800154 -0.032368 15.773390
v 0.800154 -0.032368 15.531746
v 0.800154 -0.032368 15.773390
v 0.871391 -0.032368 15.773390
v 0.871391 -0.032368 15.531746
v 0.800154 -0.032368 15.531746
v -0.658608 -0.032368 17.531746
v -0.658608 -0.032368 17.290100
v -0.729846 -0.032368 17.531746
v -0.729846 -0.032368 17.290100
v -0.729846 -0.032368 17.531746
v -0.658608 -0.032368 17.531746
v -0.658608 -0.032368 17.290100
v -0.729846 -0.032368 17.290100
v -0.519518 -0.032368 17.531746
v -0.519518 -0.032368 17.290100
v -0.590755 -0.032368 17.531746
v -0.590755 -0.032368 17.290100
v -0.590755 -0.032368 17.531746
v -0.519518 -0.032368 17.531746
v -0.519518 -0.032368 17.290100
v -0.590755 -0.032368 17.290100
v -0.380427 -0.032368 17.531746
v -0.380427 -0.032368 17.290100
v -0.451664 -0.032368 17.531746
v -0.451664 -0.032368 17.290100
v -0.451664 -0.032368 17.531746
v -0.380427 -0.032368 17.531746
v -0.380427 -0.032368 17.290100
v -0.451664 -0.032368 17.290100
v -0.241336 -0.032368 17.531746
v -0.241336 -0.032368 17.290100
v -0.312573 -0.032368 17.531746
v -0.312573 -0.032368 17.290100
v -0.312573 -0.032368 17.531746
v -0.241336 -0.032368 17.531746
v -0.241336 -0.032368 17.290100
v -0.312573 -0.032368 17.290100
v -0.102245 -0.032368 17.531746
v -0.102245 -0.032368 17.290100
v -0.173482 -0.032368 17.531746
v -0.173482 -0.032368 17.290100
v -0.173482 -0.032368 17.531746
v -0.102245 -0.032368 17.531746
v -0.102245 -0.032368 17.290100
v -0.173482 -0.032368 17.290100
v 0.036845 -0.032368 17.531746
v 0.036845 -0.032368 17.290100
v -0.034391 -0.032368 17.531746
v -0.034391 -0.032368 17.290100
v -0.034391 -0.032368 17.531746
v 0.036845 -0.032368 17.531746
v 0.036845 -0.032368 17.290100
v -0.034391 -0.032368 17.290100
v 0.175937 -0.032368 17.531746
v 0.175937 -0.032368 17.290100
v 0.104699 -0.032368 17.531746
v 0.104699 -0.032368 17.290100
v 0.104699 -0.032368 17.531746
v 0.175937 -0.032368 17.531746
v 0.175937 -0.032368 17.290100
v 0.104699 -0.032368 17.290100
v 0.315027 -0.032368 17.531746
v 0.315027 -0.032368 17.290100
v 0.243791 -0.032368 17.531746
v 0.243791 -0.032368 17.290100
v 0.243791 -0.032368 17.531746
v 0.315027 -0.032368 17.531746
v 0.315027 -0.032368 17.290100
v 0.243791 -0.032368 17.290100
v 0.454119 -0.032368 17.531746
v 0.454119 -0.032368 17.290100
v 0.382881 -0.032368 17.531746
v 0.382881 -0.032368 17.290100
v 0.382881 -0.032368 17.531746
v 0.454119 -0.032368 17.531746
v 0.454119 -0.032368 17.290100
v 0.382881 -0.032368 17.290100
v 0.593209 -0.032368 17.531746
v 0.593209 -0.032368 17.290100
v 0.521972 -0.032368 17.531746
v 0.521972 -0.032368 17.290100
v 0.521972 -0.032368 17.531746
v 0.593209 -0.032368 17.531746
v 0.593209 -0.032368 17.290100
v 0.521972 -0.032368 17.290100
v 0.732300 -0.032368 17.531746
v 0.732300 -0.032368 17.290100
v 0.661063 -0.032368 17.531746
v 0.661063 -0.032368 17.290100
v 0.661063 -0.032368 17.531746
v 0.732300 -0.032368 17.531746
v 0.732300 -0.032368 17.290100
v 0.661063 -0.032368 17.290100
v 0.871391 -0.032368 17.531746
v 0.871391 -0.032368 17.290100
v 0.800154 -0.032368 17.531746
v 0.800154 -0.032368 17.290100
v 0.800154 -0.032368 17.531746
v 0.871391 -0.032368 17.531746
v 0.871391 -0.032368 17.290100
v 0.800154 -0.032368 17.290100
v 5.340155 -0.032368 15.773390
v 5.340155 -0.032368 15.531745
v 5.268918 -0.032368 15.773390
v 5.268918 -0.032368 15.531745
v 5.268918 -0.032368 15.773390
v 5.340155 -0.032368 15.773390
v 5.340155 -0.032368 15.531745
v 5.268918 -0.032368 15.531745
v 5.479246 -0.032368 15.773390
v 5.479246 -0.032368 15.531745
v 5.408009 -0.032368 15.773390
v 5.408009 -0.032368 15.531745
v 5.408009 -0.032368 15.773390
v 5.479246 -0.032368 15.773390
v 5.479246 -0.032368 15.531745
v 5.408009 -0.032368 15.531745
v 5.618337 -0.032368 15.773390
v 5.618337 -0.032368 15.531745
v 5.547099 -0.032368 15.773390
v 5.547099 -0.032368 15.531745
v 5.547099 -0.032368 15.773390
v 5.618337 -0.032368 15.773390
v 5.618337 -0.032368 15.531745
v 5.547099 -0.032368 15.531745
v 5.757427 -0.032368 15.773390
v 5.757427 -0.032368 15.531745
v 5.686190 -0.032368 15.773390
v 5.686190 -0.032368 15.531745
v 5.686190 -0.032368 15.773390
v 5.757427 -0.032368 15.773390
v 5.757427 -0.032368 15.531745
v 5.686190 -0.032368 15.531745
v 5.896518 -0.032368 15.773390
v 5.896518 -0.032368 15.531745
v 5.825281 -0.032368 15.773390
v 5.825281 -0.032368 15.531745
v 5.825281 -0.032368 15.773390
v 5.896518 -0.032368 15.773390
v 5.896518 -0.032368 15.531745
v 5.825281 -0.032368 15.531745
v 6.035609 -0.032368 15.773390
v 6.035609 -0.032368 15.531745
v 5.964372 -0.032368 15.773390
v 5.964372 -0.032368 15.531745
v 5.964372 -0.032368 15.773390
v 6.035609 -0.032368 15.773390
v 6.035609 -0.032368 15.531745
v 5.964372 -0.032368 15.531745
v 6.174700 -0.032368 15.773390
v 6.174700 -0.032368 15.531745
v 6.103463 -0.032368 15.773390
v 6.103463 -0.032368 15.531745
v 6.103463 -0.032368 15.773390
v 6.174700 -0.032368 15.773390
v 6.174700 -0.032368 15.531745
v 6.103463 -0.032368 15.531745
v 6.313791 -0.032368 15.773390
v 6.313791 -0.032368 15.531745
v 6.242554 -0.032368 15.773390
v 6.242554 -0.032368 15.531745
v 6.242554 -0.032368 15.773390
v 6.313791 -0.032368 15.773390
v 6.313791 -0.032368 15.531745
v 6.242554 -0.032368 15.531745
v 6.452882 -0.032368 15.773390
v 6.452882 -0.032368 15.531745
v 6.381645 -0.032368 15.773390
v 6.381645 -0.032368 15.531745
v 6.381645 -0.032368 15.773390
v 6.452882 -0.032368 15.773390
v 6.452882 -0.032368 15.531745
v 6.381645 -0.032368 15.531745
v 6.591973 -0.032368 15.773390
v 6.591973 -0.032368 15.531745
v 6.520736 -0.032368 15.773390
v 6.520736 -0.032368 15.531745
v 6.520736 -0.032368 15.773390
v 6.591973 -0.032368 15.773390
v 6.591973 -0.032368 15.531745
v 6.520736 -0.032368 15.531745
v 6.731064 -0.032368 15.773390
v 6.731064 -0.032368 15.531745
v 6.659827 -0.032368 15.773390
v 6.659827 -0.032368 15.531745
v 6.659827 -0.032368 15.773390
v 6.731064 -0.032368 15.773390
v 6.731064 -0.032368 15.531745
v 6.659827 -0.032368 15.531745
v 6.870154 -0.032368 15.773390
v 6.870154 -0.032368 15.531745
v 6.798917 -0.032368 15.773390
v 6.798917 -0.032368 15.531745
v 6.798917 -0.032368 15.773390
v 6.870154 -0.032368 15.773390
v 6.870154 -0.032368 15.531745
v 6.798917 -0.032368 15.531745
v 5.340154 -0.032368 17.531746
v 5.340154 -0.032368 17.290100
v 5.268917 -0.032368 17.531746
v 5.268917 -0.032368 17.290100
v 5.268917 -0.032368 17.531746
v 5.340154 -0.032368 17.531746
v 5.340154 -0.032368 17.290100
v 5.268917 -0.032368 17.290100
v 5.479245 -0.032368 17.531746
v 5.479245 -0.032368 17.290100
v 5.408008 -0.032368 17.531746
v 5.408008 -0.032368 17.290100
v 5.408008 -0.032368 17.531746
v 5.479245 -0.032368 17.531746
v 5.479245 -0.032368 17.290100
v 5.408008 -0.032368 17.290100
v 5.618336 -0.032368 17.531746
v 5.618336 -0.032368 17.290100
v 5.547099 -0.032368 17.531746
v 5.547099 -0.032368 17.290100
v 5.547099 -0.032368 17.531746
v 5.618336 -0.032368 17.531746
v 5.618336 -0.032368 17.290100
v 5.547099 -0.032368 17.290100
v 5.757427 -0.032368 17.531746
v 5.757427 -0.032368 17.290100
v 5.686190 -0.032368 17.531746
v 5.686190 -0.032368 17.290100
v 5.686190 -0.032368 17.531746
v 5.757427 -0.032368 17.531746
v 5.757427 -0.032368 17.290100
v 5.686190 -0.032368 17.290100
v 5.896518 -0.032368 17.531746
v 5.896518 -0.032368 17.290100
v 5.825281 -0.032368 17.531746
v 5.825281 -0.032368 17.290100
v 5.825281 -0.032368 17.531746
v 5.896518 -0.032368 17.531746
v 5.896518 -0.032368 17.290100
v 5.825281 -0.032368 17.290100
v 6.035609 -0.032368 17.531746
v 6.035609 -0.032368 17.290100
v 5.964372 -0.032368 17.531746
v 5.964372 -0.032368 17.290100
v 5.964372 -0.032368 17.531746
v 6.035609 -0.032368 17.531746
v 6.035609 -0.032368 17.290100
v 5.964372 -0.032368 17.290100
v 6.174700 -0.032368 17.531746
v 6.174700 -0.032368 17.290100
v 6.103463 -0.032368 17.531746
v 6.103463 -0.032368 17.290100
v 6.103463 -0.032368 17.531746
v 6.174700 -0.032368 17.531746
v 6.174700 -0.032368 17.290100
v 6.103463 -0.032368 17.290100
v 6.313791 -0.032368 17.531746
v 6.313791 -0.032368 17.290100
v 6.242554 -0.032368 17.531746
v 6.242554 -0.032368 17.290100
v 6.242554 -0.032368 17.531746
v 6.313791 -0.032368 17.531746
v 6.313791 -0.032368 17.290100
v 6.242554 -0.032368 17.290100
v 6.452881 -0.032368 17.531746
v 6.452881 -0.032368 17.290100
v 6.381644 -0.032368 17.531746
v 6.381644 -0.032368 17.290100
v 6.381644 -0.032368 17.531746
v 6.452881 -0.032368 17.531746
v 6.452881 -0.032368 17.290100
v 6.381644 -0.032368 17.290100
v 6.591972 -0.032368 17.531746
v 6.591972 -0.032368 17.290100
v 6.520735 -0.032368 17.531746
v 6.520735 -0.032368 17.290100
v 6.520735 -0.032368 17.531746
v 6.591972 -0.032368 17.531746
v 6.591972 -0.032368 17.290100
v 6.520735 -0.032368 17.290100
v 6.731063 -0.032368 17.531746
v 6.731063 -0.032368 17.290100
v 6.659826 -0.032368 17.531746
v 6.659826 -0.032368 17.290100
v 6.659826 -0.032368 17.531746
v 6.731063 -0.032368 17.531746
v 6.731063 -0.032368 17.290100
v 6.659826 -0.032368 17.290100
v 6.870154 -0.032368 17.531746
v 6.870154 -0.032368 17.290100
v 6.798917 -0.032368 17.531746
v 6.798917 -0.032368 17.290100
v 6.798917 -0.032368 17.531746
v 6.870154 -0.032368 17.531746
v 6.870154 -0.032368 17.290100
v 6.798917 -0.032368 17.290100
v 11.340155 -0.032368 15.773391
v 11.340155 -0.032368 15.531746
v 11.268917 -0.032368 15.773391
v 11.268917 -0.032368 15.531746
v 11.268917 -0.032368 15.773391
v 11.340155 -0.032368 15.773391
v 11.340155 -0.032368 15.531746
v 11.268917 -0.032368 15.531746
v 11.479245 -0.032368 15.773391
v 11.479245 -0.032368 15.531746
v 11.408008 -0.032368 15.773391
v 11.408008 -0.032368 15.531746
v 11.408008 -0.032368 15.773391
v 11.479245 -0.032368 15.773391
v 11.479245 -0.032368 15.531746
v 11.408008 -0.032368 15.531746
v 11.618336 -0.032368 15.773391
v 11.618336 -0.032368 15.531746
v 11.547099 -0.032368 15.773391
v 11.547099 -0.032368 15.531746
v 11.547099 -0.032368 15.773391
v 11.618336 -0.032368 15.773391
v 11.618336 -0.032368 15.531746
v 11.547099 -0.032368 15.531746
v 11.757427 -0.032368 15.773391
v 11.757427 -0.032368 15.531746
v 11.686190 -0.032368 15.773391
v 11.686190 -0.032368 15.531746
v 11.686190 -0.032368 15.773391
v 11.757427 -0.032368 15.773391
v 11.757427 -0.032368 15.531746
v 11.686190 -0.032368 15.531746
v 11.896518 -0.032368 15.773391
v 11.896518 -0.032368 15.531746
v 11.825281 -0.032368 15.773391
v 11.825281 -0.032368 15.531746
v 11.825281 -0.032368 15.773391
v 11.896518 -0.032368 15.773391
v 11.896518 -0.032368 15.531746
v 11.825281 -0.032368 15.531746
v 12.035608 -0.032368 15.773391
v 12.035608 -0.032368 15.531746
v 11.964372 -0.032368 15.773391
v 11.964372 -0.032368 15.531746
v 11.964372 -0.032368 15.773391
v 12.035608 -0.032368 15.773391
v 12.035608 -0.032368 15.531746
v 11.964372 -0.032368 15.531746
v 12.174700 -0.032368 15.773391
v 12.174700 -0.032368 15.531746
v 12.103462 -0.032368 15.773391
v 12.103462 -0.032368 15.531746
v 12.103462 -0.032368 15.773391
v 12.174700 -0.032368 15.773391
v 12.174700 -0.032368 15.531746
v 12.103462 -0.032368 15.531746
v 12.313790 -0.032368 15.773391
v 12.313790 -0.032368 15.531746
v 12.242554 -0.032368 15.773391
v 12.242554 -0.032368 15.531746
v 12.242554 -0.032368 15.773391
v 12.313790 -0.032368 15.773391
v 12.313790 -0.032368 15.531746
v 12.242554 -0.032368 15.531746
v 12.452882 -0.032368 15.773391
v 12.452882 -0.032368 15.531746
v 12.381644 -0.032368 15.773391
v 12.381644 -0.032368 15.531746
v 12.381644 -0.032368 15.773391
v 12.452882 -0.032368 15.773391
v 12.452882 -0.032368 15.531746
v 12.381644 -0.032368 15.531746
v 12.591972 -0.032368 15.773391
v 12.591972 -0.032368 15.531746
v 12.520735 -0.032368 15.773391
v 12.520735 -0.032368 15.531746
v 12.520735 -0.032368 15.773391
v 12.591972 -0.032368 15.773391
v 12.591972 -0.032368 15.531746
v 12.520735 -0.032368 15.531746
v 12.731063 -0.032368 15.773391
v 12.731063 -0.032368 15.531746
v 12.659826 -0.032368 15.773391
v 12.659826 -0.032368 15.531746
v 12.659826 -0.032368 15.773391
v 12.731063 -0.032368 15.773391
v 12.731063 -0.032368 15.531746
v 12.659826 -0.032368 15.531746
v 12.870154 -0.032368 15.773391
v 12.870154 -0.032368 15.531746
v 12.798917 -0.032368 15.773391
v 12.798917 -0.032368 15.531746
v 12.798917 -0.032368 15.773391
v 12.870154 -0.032368 15.773391
v 12.870154 -0.032368 15.531746
v 12.798917 -0.032368 15.531746
v 11.340155 -0.032368 17.531746
v 11.340155 -0.032368 17.290100
v 11.268917 -0.032368 17.531746
v 11.268917 -0.032368 17.290100
v 11.268917 -0.032368 17.531746
v 11.340155 -0.032368 17.531746
v 11.340155 -0.032368 17.290100
v 11.268917 -0.032368 17.290100
v 11.479245 -0.032368 17.531746
v 11.479245 -0.032368 17.290100
v 11.408008 -0.032368 17.531746
v 11.408008 -0.032368 17.290100
v 11.408008 -0.032368 17.531746
v 11.479245 -0.032368 17.531746
v 11.479245 -0.032368 17.290100
v 11.408008 -0.032368 17.290100
v 11.618336 -0.032368 17.531746
v 11.618336 -0.032368 17.290100
v 11.547099 -0.032368 17.531746
v 11.547099 -0.032368 17.290100
v 11.547099 -0.032368 17.531746
v 11.618336 -0.032368 17.531746
v 11.618336 -0.032368 17.290100
v 11.547099 -0.032368 17.290100
v 11.757427 -0.032368 17.531746
v 11.757427 -0.032368 17.290100
v 11.686190 -0.032368 17.531746
v 11.686190 -0.032368 17.290100
v 11.686190 -0.032368 17.531746
v 11.757427 -0.032368 17.531746
v 11.757427 -0.032368 17.290100
v 11.686190 -0.032368 17.290100
v 11.896518 -0.032368 17.531746
v 11.896518 -0.032368 17.290100
v 11.825281 -0.032368 17.531746
v 11.825281 -0.032368 17.290100
v 11.825281 -0.032368 17.531746
v 11.896518 -0.032368 17.531746
v 11.896518 -0.032368 17.290100
v 11.825281 -0.032368 17.290100
v 12.035608 -0.032368 17.531746
v 12.035608 -0.032368 17.290100
v 11.964372 -0.032368 17.531746
v 11.964372 -0.032368 17.290100
v 11.964372 -0.032368 17.531746
v 12.035608 -0.032368 17.531746
v 12.035608 -0.032368 17.290100
v 11.964372 -0.032368 17.290100
v 12.174700 -0.032368 17.531746
v 12.174700 -0.032368 17.290100
v 12.103462 -0.032368 17.531746
v 12.103462 -0.032368 17.290100
v 12.103462 -0.032368 17.531746
v 12.174700 -0.032368 17.531746
v 12.174700 -0.032368 17.290100
v 12.103462 -0.032368 17.290100
v 12.313790 -0.032368 17.531746
v 12.313790 -0.032368 17.290100
v 12.242554 -0.032368 17.531746
v 12.242554 -0.032368 17.290100
v 12.242554 -0.032368 17.531746
v 12.313790 -0.032368 17.531746
v 12.313790 -0.032368 17.290100
v 12.242554 -0.032368 17.290100
v 12.452882 -0.032368 17.531746
v 12.452882 -0.032368 17.290100
v 12.381644 -0.032368 17.531746
v 12.381644 -0.032368 17.290100
v 12.381644 -0.032368 17.531746
v 12.452882 -0.032368 17.531746
v 12.452882 -0.032368 17.290100
v 12.381644 -0.032368 17.290100
v 12.591972 -0.032368 17.531746
v 12.591972 -0.032368 17.290100
v 12.520735 -0.032368 17.531746
v 12.520735 -0.032368 17.290100
v 12.520735 -0.032368 17.531746
v 12.591972 -0.032368 17.531746
v 12.591972 -0.032368 17.290100
v 12.520735 -0.032368 17.290100
v 12.731063 -0.032368 17.531746
v 12.731063 -0.032368 17.290100
v 12.659826 -0.032368 17.531746
v 12.659826 -0.032368 17.290100
v 12.659826 -0.032368 17.531746
v 12.731063 -0.032368 17.531746
v 12.731063 -0.032368 17.290100
v 12.659826 -0.032368 17.290100
v 12.870154 -0.032368 17.531746
v 12.870154 -0.032368 17.290100
v 12.798917 -0.032368 17.531746
v 12.798917 -0.032368 17.290100
v 12.798917 -0.032368 17.531746
v 12.870154 -0.032368 17.531746
v 12.870154 -0.032368 17.290100
v 12.798917 -0.032368 17.290100
v 5.340154 -0.032368 19.773392
v 5.340154 -0.032368 19.531746
v 5.268917 -0.032368 19.773392
v 5.268917 -0.032368 19.531746
v 5.268917 -0.032368 19.773392
v 5.340154 -0.032368 19.773392
v 5.340154 -0.032368 19.531746
v 5.268917 -0.032368 19.531746
v 5.479245 -0.032368 19.773392
v 5.479245 -0.032368 19.531746
v 5.408008 -0.032368 19.773392
v 5.408008 -0.032368 19.531746
v 5.408008 -0.032368 19.773392
v 5.479245 -0.032368 19.773392
v 5.479245 -0.032368 19.531746
v 5.408008 -0.032368 19.531746
v 5.618336 -0.032368 19.773392
v 5.618336 -0.032368 19.531746
v 5.547099 -0.032368 19.773392
v 5.547099 -0.032368 19.531746
v 5.547099 -0.032368 19.773392
v 5.618336 -0.032368 19.773392
v 5.618336 -0.032368 19.531746
v 5.547099 -0.032368 19.531746
v 5.757427 -0.032368 19.773392
v 5.757427 -0.032368 19.531746
v 5.686190 -0.032368 19.773392
v 5.686190 -0.032368 19.531746
v 5.686190 -0.032368 19.773392
v 5.757427 -0.032368 19.773392
v 5.757427 -0.032368 19.531746
v 5.686190 -0.032368 19.531746
v 5.896518 -0.032368 19.773392
v 5.896518 -0.032368 19.531746
v 5.825281 -0.032368 19.773392
v 5.825281 -0.032368 19.531746
v 5.825281 -0.032368 19.773392
v 5.896518 -0.032368 19.773392
v 5.896518 -0.032368 19.531746
v 5.825281 -0.032368 19.531746
v 6.035609 -0.032368 19.773392
v 6.035609 -0.032368 19.531746
v 5.964372 -0.032368 19.773392
v 5.964372 -0.032368 19.531746
v 5.964372 -0.032368 19.773392
v 6.035609 -0.032368 19.773392
v 6.035609 -0.032368 19.531746
v 5.964372 -0.032368 19.531746
v 6.174700 -0.032368 19.773392
v 6.174700 -0.032368 19.531746
v 6.103463 -0.032368 19.773392
v 6.103463 -0.032368 19.531746
v 6.103463 -0.032368 19.773392
v 6.174700 -0.032368 19.773392
v 6.174700 -0.032368 19.531746
v 6.103463 -0.032368 19.531746
v 6.313791 -0.032368 19.773392
v 6.313791 -0.032368 19.531746
v 6.242554 -0.032368 19.773392
v 6.242554 -0.032368 19.531746
v 6.242554 -0.032368 19.773392
v 6.313791 -0.032368 19.773392
v 6.313791 -0.032368 19.531746
v 6.242554 -0.032368 19.531746
v 6.452882 -0.032368 19.773392
v 6.452882 -0.032368 19.531746
v 6.381645 -0.032368 19.773392
v 6.381644 -0.032368 19.531746
v 6.381645 -0.032368 19.773392
v 6.452882 -0.032368 19.773392
v 6.452882 -0.032368 19.531746
v 6.381644 -0.032368 19.531746
v 6.591972 -0.032368 19.773392
v 6.591972 -0.032368 19.531746
v 6.520735 -0.032368 19.773392
v 6.520735 -0.032368 19.531746
v 6.520735 -0.032368 19.773392
v 6.591972 -0.032368 19.773392
v 6.591972 -0.032368 19.531746
v 6.520735 -0.032368 19.531746
v 6.731063 -0.032368 19.773392
v 6.731063 -0.032368 19.531746
v 6.659826 -0.032368 19.773392
v 6.659826 -0.032368 19.531746
v 6.659826 -0.032368 19.773392
v 6.731063 -0.032368 19.773392
v 6.731063 -0.032368 19.531746
v 6.659826 -0.032368 19.531746
v 6.870154 -0.032368 19.773392
v 6.870154 -0.032368 19.531746
v 6.798917 -0.032368 19.773392
v 6.798917 -0.032368 19.531746
v 6.798917 -0.032368 19.773392
v 6.870154 -0.032368 19.773392
v 6.870154 -0.032368 19.531746
v 6.798917 -0.032368 19.531746
v 2.787720 -0.034856 13.531745
v 2.787720 -0.034856 11.531744
v 2.787720 -0.034856 13.331745
v 2.787720 -0.034856 12.602359
v 2.787720 -0.034856 12.461130
v 2.787720 -0.034856 11.731745
v 2.787720 -0.004626 13.531745
v 2.787720 -0.004626 11.531744
v 2.787720 -0.004626 13.331745
v 2.787720 -0.004626 11.731745
v 2.787720 -0.024856 12.602359
v 2.787720 -0.024856 12.461130
v 2.787720 -0.019741 11.731745
v 2.787720 -0.019741 11.531744
v 2.787720 -0.019741 13.531745
v 2.787720 -0.019741 13.331745
v 2.787720 -0.034856 11.808491
v 2.787720 -0.034856 11.779987
v 2.787720 -0.034856 13.283503
v 2.787720 -0.034856 13.254999
v 3.029365 -0.034856 13.531745
v 3.029365 -0.004626 13.531745
v 3.029365 -0.019741 11.531744
v 3.029365 -0.019741 13.331745
v 3.029365 -0.034856 11.531744
v 3.029365 -0.034856 13.331745
v 3.029365 -0.034856 12.602359
v 3.029365 -0.034856 12.461130
v 3.029365 -0.034856 11.731745
v 3.029365 -0.004626 11.531744
v 3.029365 -0.004626 13.331745
v 3.029365 -0.004626 11.731745
v 3.029365 -0.024856 12.602359
v 3.029365 -0.024856 12.461130
v 3.029365 -0.019741 11.731745
v 3.029365 -0.019741 13.531745
v 3.029365 -0.034856 11.808491
v 3.029365 -0.034856 11.779987
v 3.029365 -0.034856 13.283503
v 3.029365 -0.034856 13.254999
v 2.787720 -0.032368 11.801745
v 3.029365 -0.032368 11.801745
v 2.787720 -0.032368 11.730508
v 3.029365 -0.032368 11.730508
v 2.787720 -0.032368 11.730508
v 2.787720 -0.032368 11.801745
v 3.029365 -0.032368 11.801745
v 3.029365 -0.032368 11.730508
v 2.787720 -0.032368 11.940836
v 3.029365 -0.032368 11.940836
v 2.787720 -0.032368 11.869598
v 3.029365 -0.032368 11.869598
v 2.787720 -0.032368 11.869598
v 2.787720 -0.032368 11.940836
v 3.029365 -0.032368 11.940836
v 3.029365 -0.032368 11.869598
v 2.787720 -0.032368 12.079927
v 3.029365 -0.032368 12.079927
v 2.787720 -0.032368 12.008690
v 3.029365 -0.032368 12.008690
v 2.787720 -0.032368 12.008690
v 2.787720 -0.032368 12.079927
v 3.029365 -0.032368 12.079927
v 3.029365 -0.032368 12.008690
v 2.787720 -0.032368 12.219018
v 3.029365 -0.032368 12.219018
v 2.787720 -0.032368 12.147781
v 3.029365 -0.032368 12.147781
v 2.787720 -0.032368 12.147781
v 2.787720 -0.032368 12.219018
v 3.029365 -0.032368 12.219018
v 3.029365 -0.032368 12.147781
v 2.787720 -0.032368 12.358109
v 3.029365 -0.032368 12.358109
v 2.787720 -0.032368 12.286872
v 3.029365 -0.032368 12.286872
v 2.787720 -0.032368 12.286872
v 2.787720 -0.032368 12.358109
v 3.029365 -0.032368 12.358109
v 3.029365 -0.032368 12.286872
v 2.787720 -0.032368 12.497200
v 3.029365 -0.032368 12.497200
v 2.787720 -0.032368 12.425962
v 3.029365 -0.032368 12.425962
v 2.787720 -0.032368 12.425962
v 2.787720 -0.032368 12.497200
v 3.029365 -0.032368 12.497200
v 3.029365 -0.032368 12.425962
v 2.787720 -0.032368 12.636291
v 3.029365 -0.032368 12.636291
v 2.787720 -0.032368 12.565054
v 3.029365 -0.032368 12.565054
v 2.787720 -0.032368 12.565054
v 2.787720 -0.032368 12.636291
v 3.029365 -0.032368 12.636291
v 3.029365 -0.032368 12.565054
v 2.787720 -0.032368 12.775382
v 3.029365 -0.032368 12.775382
v 2.787720 -0.032368 12.704144
v 3.029365 -0.032368 12.704144
v 2.787720 -0.032368 12.704144
v 2.787720 -0.032368 12.775382
v 3.029365 -0.032368 12.775382
v 3.029365 -0.032368 12.704144
v 2.787720 -0.032368 12.914473
v 3.029365 -0.032368 12.914473
v 2.787720 -0.032368 12.843236
v 3.029365 -0.032368 12.843236
v 2.787720 -0.032368 12.843236
v 2.787720 -0.032368 12.914473
v 3.029365 -0.032368 12.914473
v 3.029365 -0.032368 12.843236
v 2.787720 -0.032368 13.053564
v 3.029365 -0.032368 13.053564
v 2.787720 -0.032368 12.982327
v 3.029365 -0.032368 12.982327
v 2.787720 -0.032368 12.982327
v 2.787720 -0.032368 13.053564
v 3.029365 -0.032368 13.053564
v 3.029365 -0.032368 12.982327
v 2.787720 -0.032368 13.192655
v 3.029365 -0.032368 13.192655
v 2.787720 -0.032368 13.121417
v 3.029365 -0.032368 13.121417
v 2.787720 -0.032368 13.121417
v 2.787720 -0.032368 13.192655
v 3.029365 -0.032368 13.192655
v 3.029365 -0.032368 13.121417
v 2.787720 -0.032368 13.331745
v 3.029365 -0.032368 13.331745
v 2.787720 -0.032368 13.260509
v 3.029365 -0.032368 13.260509
v 2.787720 -0.032368 13.260509
v 2.787720 -0.032368 13.331745
v 3.029365 -0.032368 13.331745
v 3.029365 -0.032368 13.260509
vn -0.0000 -1.0000 -0.0000
vn -0.0000 1.0000 -0.0000
vn -0.0000 -0.0000 -1.0000
vn -0.0000 -0.0000 1.0000
vn 1.0000 -0.0000 -0.0000
vn -1.0000 -0.0000 -0.0000
vn 0.1120 -0.0000 -0.9937
vn 0.3303 -0.0000 -0.9439
vn 0.5320 -0.0000 -0.8467
vn 0.7071 -0.0000 -0.7071
vn 0.8467 -0.0000 -0.5320
vn 0.9439 -0.0000 -0.3303
vn 0.9937 -0.0000 -0.1120
vn -0.9937 -0.0000 -0.1120
vn -0.9439 -0.0000 -0.3303
vn -0.8467 -0.0000 -0.5320
vn -0.7071 -0.0000 -0.7071
vn -0.5320 -0.0000 -0.8467
vn -0.3303 -0.0000 -0.9439
vn -0.1120 -0.0000 -0.9937
vn -0.9877 -0.0000 -0.1564
vn -0.8910 -0.0000 -0.4540
vn -0.4540 -0.0000 -0.8910
vn -0.1564 -0.0000 -0.9877
vn 0.9937 -0.0000 0.1120
vn 0.9439 -0.0000 0.3303
vn 0.8467 -0.0000 0.5320
vn 0.7071 -0.0000 0.7071
vn 0.5320 -0.0000 0.8467
vn 0.3303 -0.0000 0.9439
vn 0.1120 -0.0000 0.9937
vn -0.1120 -0.0000 0.9937
vn -0.3303 -0.0000 0.9439
vn -0.5320 -0.0000 0.8467
vn -0.7071 -0.0000 0.7071
vn -0.8467 -0.0000 0.5320
vn -0.9439 -0.0000 0.3303
vn -0.9937 -0.0000 0.1120
vn 0.1564 -0.0000 -0.9877
vn 0.4540 -0.0000 -0.8910
vn 0.8910 -0.0000 -0.4540
vn 0.9877 -0.0000 -0.1564
vn 0.9877 -0.0000 0.1564
vn 0.8910 -0.0000 0.4540
vn 0.4540 -0.0000 0.8910
vn 0.1564 -0.0000 0.9877
vn 0.9937 -0.0000 0.1119
vn -0.1564 -0.0000 0.9877
vn -0.4540 -0.0000 0.8910
vn -0.8910 -0.0000 0.4540
vn -0.9877 -0.0000 0.1564
vn -0.1565 -0.0000 0.9877
vn -0.9937 -0.0000 0.1119
vt 0.000000 0.000000
vt 0.000000 1.000000
vt 1.000000 1.000000
vt 1.000000 0.000000
vt 1.000000 0.200000
vt 0.000000 0.200000
vt 0.000000 0.333333
vt 1.000000 0.333333
vt 1.000000 0.400000
vt 0.000000 0.400000
vt 0.000000 0.733333
vt 1.000000 0.733333
vt 1.000000 0.800000
vt 0.000000 0.800000
vt 1.000000 0.600000
vt 0.000000 0.600000
vt 1.000000 0.666667
vt 0.000000 0.666667
vt 1.000000 0.266667
vt 0.000000 0.266667
vt 0.899999 0.733333
vt 0.900000 0.800000
vt 0.900000 0.800000
vt 0.900000 1.000000
vt 0.100000 0.800000
vt 0.100000 1.000000
vt 0.100000 0.733333
vt 0.535307 0.800000
vt 0.535307 0.800000
vt 0.535307 1.000000
vt 0.535307 0.733333
vt 0.464693 0.733333
vt 0.464693 0.800000
vt 0.464693 0.800000
vt 0.464693 1.000000
vt 0.464693 0.200000
vt 0.535307 0.200000
vt 0.535307 0.400000
vt 0.464693 0.400000
vt 0.464693 0.600000
vt 0.535307 0.600000
vt 0.900000 0.400000
vt 0.900000 0.600000
vt 0.100000 0.400000
vt 0.100000 0.600000
vt 0.039181 0.200000
vt 0.052714 0.199721
vt 0.065569 0.198899
vt 0.077101 0.200000
vt 0.080311 0.169468
vt 0.075038 0.154092
vt 0.067968 0.136952
vt 0.059454 0.118908
vt 0.100000 0.200000
vt 0.140546 0.200000
vt 0.100000 0.233354
vt 0.535084 0.118908
vt 0.616794 0.136952
vt 0.695423 0.154092
vt 0.762605 0.169468
vt 0.915266 0.200000
vt 0.922953 0.200000
vt 0.931523 0.200000
vt 0.945614 0.200000
vt 0.900000 0.222236
vt 0.839180 0.200000
vt 0.900000 0.200000
vt 0.039181 0.200000
vt 0.052714 0.198983
vt 0.065569 0.195985
vt 0.077101 0.191154
vt 0.095577 0.154202
vt 0.097992 0.131138
vt 0.099492 0.105429
vt 0.100000 0.078361
vt 0.900000 0.078361
vt 0.900508 0.105429
vt 0.902007 0.131138
vt 0.904423 0.154202
vt 0.922899 0.191154
vt 0.934430 0.195985
vt 0.947285 0.198983
vt 0.960819 0.200000
vt 0.100000 0.000000
vt 0.900000 0.000000
vt 0.900000 0.200000
vt 0.464693 0.666667
vt 0.100000 0.666667
vt 0.535307 0.666667
vt 0.899999 0.666667
vt 0.000000 0.666667
vt 0.100000 0.800000
vt 0.000000 0.800000
vt 0.100000 0.800000
vt 0.535307 0.733333
vt 0.343129 0.221044
vt 0.464693 0.221044
vt 0.343129 0.400000
vt 0.221564 0.200000
vt 0.464693 0.458384
vt 0.464693 0.458384
vt 0.465509 0.502146
vt 0.464693 0.502146
vt 0.467876 0.541624
vt 0.464693 0.541624
vt 0.485304 0.590985
vt 0.478433 0.590985
vt 0.499242 0.597690
vt 0.487726 0.597690
vt 0.514693 0.600000
vt 0.502193 0.600000
vt 0.050000 1.000000
vt 0.034549 0.995106
vt 0.020611 0.980902
vt 0.009549 0.958779
vt 0.002447 0.930902
vt 0.000000 0.900000
vt 0.578247 0.128499
vt 0.900000 0.092749
vt 0.900448 0.116615
vt 0.650292 0.144410
vt 0.901770 0.139284
vt 0.719620 0.159522
vt 0.903899 0.159619
vt 0.778856 0.173079
vt 0.920190 0.192200
vt 0.913460 0.200000
vt 0.930358 0.196460
vt 0.920238 0.200000
vt 0.941692 0.199104
vt 0.927795 0.200000
vt 0.953625 0.200000
vt 0.940219 0.200000
vt 0.343129 0.200000
vt 0.100000 0.221044
vt 0.221564 0.221044
vt 0.221564 0.400000
vt 0.035536 0.200000
vt 0.049881 0.199705
vt 0.063506 0.198833
vt 0.075729 0.200000
vt 0.079131 0.167638
vt 0.073543 0.151342
vt 0.066048 0.133175
vt 0.057024 0.114049
vt 0.142976 0.200000
vt 0.100000 0.235352
vt 0.100000 0.800000
vt 0.083819 0.800000
vt 0.075671 0.800000
vt 0.066587 0.800000
vt 0.051652 0.800000
vt 0.100000 0.764648
vt 0.164463 0.800000
vt 0.513219 0.114049
vt 0.599824 0.133175
vt 0.683164 0.151341
vt 0.754372 0.167638
vt 0.916180 0.200000
vt 0.924329 0.200000
vt 0.933412 0.200000
vt 0.948347 0.200000
vt 0.900000 0.223568
vt 0.835536 0.200000
vt 0.964463 0.800000
vt 0.950119 0.800000
vt 0.936493 0.800000
vt 0.924271 0.800000
vt 0.904688 0.800000
vt 0.902128 0.800000
vt 0.900538 0.800000
vt 0.900000 0.800000
vt 0.835536 0.800000
vt 0.900000 0.764648
vt 0.100000 0.864464
vt 0.100000 0.928927
vt 0.099461 0.900238
vt 0.099731 0.850119
vt 0.097872 0.872988
vt 0.098936 0.836494
vt 0.095312 0.848542
vt 0.097656 0.824271
vt 0.075729 0.809376
vt 0.079774 0.804688
vt 0.063506 0.804256
vt 0.069588 0.802128
vt 0.049881 0.801078
vt 0.058234 0.800539
vt 0.035536 0.800000
vt 0.043594 0.800000
vt 0.035536 0.200000
vt 0.049881 0.198923
vt 0.049881 0.199314
vt 0.063506 0.195744
vt 0.063506 0.197289
vt 0.075729 0.190624
vt 0.075729 0.195312
vt 0.095312 0.151458
vt 0.087222 0.159548
vt 0.097872 0.127012
vt 0.085707 0.139177
vt 0.099461 0.099762
vt 0.082755 0.116468
vt 0.100000 0.071073
vt 0.078512 0.092561
vt 0.706609 0.092561
vt 0.900000 0.071073
vt 0.900538 0.099762
vt 0.750181 0.116468
vt 0.902128 0.127012
vt 0.792646 0.139177
vt 0.904688 0.151458
vt 0.829530 0.159548
vt 0.924271 0.190624
vt 0.920226 0.195312
vt 0.936493 0.195744
vt 0.930411 0.197872
vt 0.950119 0.198923
vt 0.941765 0.199461
vt 0.964463 0.200000
vt 0.956405 0.200000
vt 0.950119 0.801078
vt 0.950119 0.800539
vt 0.936493 0.804256
vt 0.936493 0.802128
vt 0.924271 0.809376
vt 0.924271 0.804688
vt 0.904688 0.848543
vt 0.904688 0.824271
vt 0.902128 0.872988
vt 0.902128 0.836494
vt 0.900538 0.900238
vt 0.900538 0.850119
vt 0.900000 0.928927
vt 0.900000 0.864464
vt 0.050000 0.400000
vt 0.050000 0.000000
vt 0.464693 0.200000
vt 0.050000 0.600000
vt 0.464693 0.800000
vt 0.100000 0.900000
vt 0.450000 0.000000
vt 0.535307 0.200000
vt 0.950000 0.400000
vt 0.450000 0.500000
vt 0.950000 0.600000
vt 0.858783 0.200000
vt 0.858783 0.200000
vt 0.979606 0.333333
vt 0.979606 0.400000
vt 0.979606 0.400000
vt 0.979606 0.733333
vt 0.979606 0.800000
vt 0.979606 0.800000
vt 0.979606 1.000000
vt 0.979606 0.000000
vt 0.979606 0.200000
vt 0.979606 0.800000
vt 0.979606 0.600000
vt 0.858783 0.600000
vt 0.858783 0.600000
vt 0.979606 0.666667
vt 0.979606 0.200000
vt 0.979606 0.266667
vt 0.858783 0.266667
vt 0.858783 0.333333
vt 0.858783 0.666667
vt 0.858783 0.733333
vt 0.858783 0.800000
vt 0.858783 0.400000
vt 0.858783 0.000000
vt 0.858783 1.000000
s 0
usemtl Road1
f 229/7/2 232/8/2 202/9/2 199/10/2
f 225/11/2 228/12/2 204/13/2 197/14/2
f 198/16/2 203/15/2 227/17/2 226/18/2
f 200/6/2 201/5/2 231/19/2 230/20/2
f 332/21/2 328/12/2 244/13/2 266/22/2
f 325/11/2 330/27/2 257/25/2 237/14/2
f 334/31/2 332/21/2 266/22/2 273/28/2
f 336/32/2 334/31/2 273/28/2 280/33/2
f 330/27/2 336/32/2 280/33/2 257/25/2
f 286/36/2 285/37/2 270/37/2 277/36/2
f 271/38/2 278/39/2 277/36/2 270/37/2
f 279/40/2 278/39/2 271/38/2 272/41/2
f 264/42/2 242/9/2 243/15/2 265/43/2
f 271/38/2 264/42/2 265/43/2 272/41/2
f 255/44/2 278/39/2 279/40/2 256/45/2
f 239/10/2 255/44/2 256/45/2 238/16/2
f 287/46/2 292/47/2 293/48/2 294/49/2 295/50/2 296/51/2 297/52/2 288/53/2 289/54/2 290/55/2 291/56/2
f 306/57/2 311/58/2 312/59/2 313/60/2 314/61/2 315/62/2 316/63/2 307/64/2 308/65/2 309/66/2 310/67/2
f 240/6/2 287/46/2 291/56/2 255/44/2 239/10/2
f 277/36/2 290/55/2 289/54/2 283/54/2 286/36/2
f 291/56/2 290/55/2 277/36/2 278/39/2 255/44/2
f 270/37/2 309/66/2 308/65/2 264/42/2 271/38/2
f 310/67/2 309/66/2 270/37/2 285/37/2 284/86/2
f 308/65/2 307/64/2 241/5/2 242/9/2 264/42/2
f 256/45/2 279/40/2 335/87/2 329/88/2
f 279/40/2 272/41/2 333/89/2 335/87/2
f 272/41/2 265/43/2 331/90/2 333/89/2
f 238/16/2 256/45/2 329/88/2 326/91/2
f 265/43/2 243/15/2 327/17/2 331/90/2
f 447/21/2 445/12/2 347/13/2 373/22/2
f 451/1/1 456/1/1 342/1/1 341/1/1
f 449/95/2 447/21/2 373/22/2 382/28/2
f 506/96/2 502/97/2 389/39/2 476/98/2
f 388/1/4 379/1/4 394/1/4 396/1/4
f 475/99/2 361/54/2 398/54/2 479/99/2
f 381/41/2 372/43/2 446/90/2 448/89/2
f 372/43/2 346/15/2 444/17/2 446/90/2
f 415/100/2 418/103/2 419/105/2 420/107/2 421/109/2 416/111/2 450/1/2 417/1/2
f 454/1/1 455/1/1 456/1/1 451/1/1
f 340/1/1 363/1/1 455/1/1 454/1/1
f 449/95/2 382/28/2 390/33/2 460/95/2
f 381/41/2 448/89/2 459/89/2 450/1/2 416/111/2
f 460/95/2 390/33/2 461/33/2 462/95/2
f 466/95/2 463/28/2 464/33/2 468/95/2
f 468/95/2 464/33/2 471/33/2 473/95/2
f 388/36/2 474/134/2 478/134/2 400/36/2
f 500/135/2 505/136/2 477/137/2 362/44/2
f 450/1/2 459/89/2 469/89/2 476/98/2 389/39/2
f 428/118/2 430/121/2 431/123/2 432/125/2 433/127/2 434/129/2 435/131/2 429/133/2 480/1/2
f 480/1/2 429/133/2 481/133/2 483/1/2
f 489/1/2 488/133/2 490/133/2 492/1/2
f 429/133/2 344/5/2 482/5/2 481/133/2
f 371/42/2 486/1/2 484/133/2 485/5/2 345/9/2
f 488/133/2 487/5/2 491/5/2 490/133/2
f 480/1/2 483/1/2 498/1/2 491/5/2 487/5/2
f 361/54/2 475/99/2 505/136/2 500/135/2
f 474/134/2 388/36/2 502/97/2 506/96/2
f 371/42/2 380/1/2 501/1/2 486/1/2
f 379/1/1 501/1/1 497/1/1 496/1/1 494/5/1 493/133/1 495/1/1 399/37/1
f 555/138/2 560/139/2 561/140/2 562/141/2 563/142/2 564/143/2 565/144/2 556/145/2 557/54/2 558/146/2 559/147/2
f 566/25/2 570/148/2 571/148/2 572/148/2 573/149/2 574/150/2 575/151/2 567/152/2 568/153/2 569/154/2
f 592/155/2 597/156/2 598/157/2 599/158/2 600/159/2 601/160/2 602/161/2 593/162/2 594/163/2 595/164/2 596/67/2
f 603/165/2 607/166/2 608/167/2 609/168/2 610/169/2 611/170/2 612/171/2 604/172/2 605/173/2 606/174/2
f 514/6/2 555/138/2 559/147/2 529/44/2 633/236/2 513/10/2
f 543/36/2 558/146/2 557/54/2 547/54/2 550/36/2 631/238/2
f 559/147/2 558/146/2 543/36/2 544/39/2 529/44/2
f 512/16/2 634/239/2 530/45/2 568/153/2 567/152/2 511/14/2
f 566/25/2 569/154/2 546/33/2 630/240/2 554/33/2 551/25/2
f 530/45/2 545/40/2 546/33/2 569/154/2 568/153/2
f 539/37/2 595/164/2 594/163/2 536/42/2 540/38/2
f 596/67/2 595/164/2 539/37/2 632/243/2 549/37/2 548/86/2
f 594/163/2 593/162/2 515/5/2 516/9/2 635/244/2 536/42/2
f 537/43/2 636/246/2 517/15/2 518/13/2 603/165/2 606/174/2
f 541/41/2 537/43/2 606/174/2 605/173/2 542/28/2
f 542/28/2 605/173/2 604/172/2 552/22/2 553/28/2 629/29/2
f 529/44/2 544/39/2 545/40/2 530/45/2
f 633/236/2 529/44/2 530/45/2 634/239/2
f 540/38/2 536/42/2 537/43/2 541/41/2
f 635/244/2 516/9/2 517/15/2 636/246/2
f 629/29/2 630/240/2 546/33/2 542/28/2
f 542/28/2 546/33/2 545/40/2 541/41/2
f 545/40/2 544/39/2 540/38/2 541/41/2
f 540/38/2 544/39/2 543/36/2 539/37/2
f 631/238/2 632/243/2 539/37/2 543/36/2
f 553/28/2 554/33/2 630/240/2 629/29/2
f 550/36/2 549/37/2 632/243/2 631/238/2
f 513/10/2 633/236/2 634/239/2 512/16/2
f 536/42/2 635/244/2 636/246/2 537/43/2
f 791/21/2 789/12/2 691/13/2 717/22/2
f 795/1/1 800/1/1 686/1/1 685/1/1
f 793/95/2 791/21/2 717/22/2 726/28/2
f 850/96/2 846/97/2 733/39/2 820/98/2
f 732/1/6 723/1/6 738/1/6 740/1/6
f 819/99/2 705/54/2 742/54/2 823/99/2
f 725/41/2 716/43/2 790/90/2 792/89/2
f 716/43/2 690/15/2 788/17/2 790/90/2
f 759/100/2 762/103/2 763/105/2 764/107/2 765/109/2 760/111/2 794/1/2 761/1/2
f 798/1/1 799/1/1 800/1/1 795/1/1
f 684/1/1 707/1/1 799/1/1 798/1/1
f 793/95/2 726/28/2 734/33/2 804/95/2
f 725/41/2 792/89/2 803/89/2 794/1/2 760/111/2
f 804/95/2 734/33/2 805/33/2 806/95/2
f 810/95/2 807/28/2 808/33/2 812/95/2
f 812/95/2 808/33/2 815/33/2 817/95/2
f 732/36/2 818/134/2 822/134/2 744/36/2
f 844/135/2 849/136/2 821/137/2 706/44/2
f 794/1/2 803/89/2 813/89/2 820/98/2 733/39/2
f 772/118/2 774/121/2 775/123/2 776/125/2 777/127/2 778/129/2 779/131/2 773/133/2 824/1/2
f 824/1/2 773/133/2 825/133/2 827/1/2
f 833/1/2 832/133/2 834/133/2 836/1/2
f 773/133/2 688/5/2 826/5/2 825/133/2
f 715/42/2 830/1/2 828/133/2 829/5/2 689/9/2
f 832/133/2 831/5/2 835/5/2 834/133/2
f 824/1/2 827/1/2 842/1/2 835/5/2 831/5/2
f 705/54/2 819/99/2 849/136/2 844/135/2
f 818/134/2 732/36/2 846/97/2 850/96/2
f 715/42/2 724/1/2 845/1/2 830/1/2
f 723/1/1 845/1/1 841/1/1 840/1/1 838/5/1 837/133/1 839/1/1 743/37/1
f 3566/249/2 890/8/2 860/9/2 3553/250/2
f 3564/252/2 886/12/2 862/13/2 3555/253/2
f 3554/259/2 861/15/2 885/17/2 3563/262/2
f 3552/263/2 859/5/2 889/19/2 3565/264/2
f 927/7/2 930/8/2 900/9/2 897/10/2
f 923/11/2 926/12/2 902/13/2 895/14/2
f 896/16/2 901/15/2 925/17/2 924/18/2
f 898/6/2 899/5/2 929/19/2 928/20/2
f 967/7/2 970/8/2 940/9/2 937/10/2
f 963/11/2 966/12/2 942/13/2 935/14/2
f 936/16/2 941/15/2 965/17/2 964/18/2
f 938/6/2 939/5/2 969/19/2 968/20/2
f 1007/7/2 1010/8/2 980/9/2 977/10/2
f 1003/11/2 1006/12/2 982/13/2 975/14/2
f 976/16/2 981/15/2 1005/17/2 1004/18/2
f 978/6/2 979/5/2 1009/19/2 1008/20/2
f 1047/7/2 1050/8/2 1020/9/2 1017/10/2
f 1043/11/2 1046/12/2 1022/13/2 1015/14/2
f 1016/16/2 1021/15/2 1045/17/2 1044/18/2
f 1018/6/2 1019/5/2 1049/19/2 1048/20/2
f 1087/7/2 1090/8/2 1060/9/2 1057/10/2
f 1083/11/2 1086/12/2 1062/13/2 1055/14/2
f 1056/16/2 1061/15/2 1085/17/2 1084/18/2
f 1058/6/2 1059/5/2 1089/19/2 1088/20/2
f 1127/7/2 1130/8/2 1100/9/2 1097/10/2
f 1123/11/2 1126/12/2 1102/13/2 1095/14/2
f 1096/16/2 1101/15/2 1125/17/2 1124/18/2
f 1098/6/2 1099/5/2 1129/19/2 1128/20/2
f 1230/21/2 1226/12/2 1142/13/2 1164/22/2
f 1223/11/2 1228/27/2 1155/25/2 1135/14/2
f 1232/31/2 1230/21/2 1164/22/2 1171/28/2
f 1234/32/2 1232/31/2 1171/28/2 1178/33/2
f 1228/27/2 1234/32/2 1178/33/2 1155/25/2
f 1184/36/2 1183/37/2 1168/37/2 1175/36/2
f 1169/38/2 1176/39/2 1175/36/2 1168/37/2
f 1177/40/2 1176/39/2 1169/38/2 1170/41/2
f 1162/42/2 1140/9/2 1141/15/2 1163/43/2
f 1169/38/2 1162/42/2 1163/43/2 1170/41/2
f 1153/44/2 1176/39/2 1177/40/2 1154/45/2
f 1137/10/2 1153/44/2 1154/45/2 1136/16/2
f 1185/46/2 1190/47/2 1191/48/2 1192/49/2 1193/50/2 1194/51/2 1195/52/2 1186/53/2 1187/54/2 1188/55/2 1189/56/2
f 1204/57/2 1209/58/2 1210/59/2 1211/60/2 1212/61/2 1213/62/2 1214/63/2 1205/64/2 1206/65/2 1207/66/2 1208/67/2
f 1138/6/2 1185/46/2 1189/56/2 1153/44/2 1137/10/2
f 1175/36/2 1188/55/2 1187/54/2 1181/54/2 1184/36/2
f 1189/56/2 1188/55/2 1175/36/2 1176/39/2 1153/44/2
f 1168/37/2 1207/66/2 1206/65/2 1162/42/2 1169/38/2
f 1208/67/2 1207/66/2 1168/37/2 1183/37/2 1182/86/2
f 1206/65/2 1205/64/2 1139/5/2 1140/9/2 1162/42/2
f 1154/45/2 1177/40/2 1233/87/2 1227/88/2
f 1177/40/2 1170/41/2 1231/89/2 1233/87/2
f 1170/41/2 1163/43/2 1229/90/2 1231/89/2
f 1136/16/2 1154/45/2 1227/88/2 1224/91/2
f 1163/43/2 1141/15/2 1225/17/2 1229/90/2
f 1334/21/2 1330/12/2 1246/13/2 1268/22/2
f 1327/11/2 1332/27/2 1259/25/2 1239/14/2
f 1336/31/2 1334/21/2 1268/22/2 1275/28/2
f 1338/32/2 1336/31/2 1275/28/2 1282/33/2
f 1332/27/2 1338/32/2 1282/33/2 1259/25/2
f 1288/36/2 1287/37/2 1272/37/2 1279/36/2
f 1273/38/2 1280/39/2 1279/36/2 1272/37/2
f 1281/40/2 1280/39/2 1273/38/2 1274/41/2
f 1266/42/2 1244/9/2 1245/15/2 1267/43/2
f 1273/38/2 1266/42/2 1267/43/2 1274/41/2
f 1257/44/2 1280/39/2 1281/40/2 1258/45/2
f 1241/10/2 1257/44/2 1258/45/2 1240/16/2
f 1289/46/2 1294/47/2 1295/48/2 1296/49/2 1297/50/2 1298/51/2 1299/52/2 1290/53/2 1291/54/2 1292/55/2 1293/56/2
f 1308/57/2 1313/58/2 1314/59/2 1315/60/2 1316/61/2 1317/62/2 1318/63/2 1309/64/2 1310/65/2 1311/66/2 1312/67/2
f 1242/6/2 1289/46/2 1293/56/2 1257/44/2 1241/10/2
f 1279/36/2 1292/55/2 1291/54/2 1285/54/2 1288/36/2
f 1293/56/2 1292/55/2 1279/36/2 1280/39/2 1257/44/2
f 1272/37/2 1311/66/2 1310/65/2 1266/42/2 1273/38/2
f 1312/67/2 1311/66/2 1272/37/2 1287/37/2 1286/86/2
f 1310/65/2 1309/64/2 1243/5/2 1244/9/2 1266/42/2
f 1258/45/2 1281/40/2 1337/87/2 1331/88/2
f 1281/40/2 1274/41/2 1335/89/2 1337/87/2
f 1274/41/2 1267/43/2 1333/90/2 1335/89/2
f 1240/16/2 1258/45/2 1331/88/2 1328/91/2
f 1267/43/2 1245/15/2 1329/17/2 1333/90/2
f 1375/7/2 1378/8/2 1348/9/2 1345/10/2
f 1371/11/2 1374/12/2 1350/13/2 1343/14/2
f 1344/16/2 1349/15/2 1373/17/2 1372/18/2
f 1346/6/2 1347/5/2 1377/19/2 1376/20/2
f 1415/7/2 1418/8/2 1388/9/2 1385/10/2
f 1411/11/2 1414/12/2 1390/13/2 1383/14/2
f 1384/16/2 1389/15/2 1413/17/2 1412/18/2
f 1386/6/2 1387/5/2 1417/19/2 1416/20/2
f 1455/7/2 1458/8/2 1428/9/2 1425/10/2
f 1451/11/2 1454/12/2 1430/13/2 1423/14/2
f 1424/16/2 1429/15/2 1453/17/2 1452/18/2
f 1426/6/2 1427/5/2 1457/19/2 1456/20/2
f 1558/21/2 1554/12/2 1470/13/2 1492/22/2
f 1551/11/2 1556/27/2 1483/25/2 1463/14/2
f 1560/31/2 1558/21/2 1492/22/2 1499/28/2
f 1562/32/2 1560/31/2 1499/28/2 1506/33/2
f 1556/27/2 1562/32/2 1506/33/2 1483/25/2
f 1512/36/2 1511/37/2 1496/37/2 1503/36/2
f 1497/38/2 1504/39/2 1503/36/2 1496/37/2
f 1505/40/2 1504/39/2 1497/38/2 1498/41/2
f 1490/42/2 1468/9/2 1469/15/2 1491/43/2
f 1497/38/2 1490/42/2 1491/43/2 1498/41/2
f 1481/44/2 1504/39/2 1505/40/2 1482/45/2
f 1465/10/2 1481/44/2 1482/45/2 1464/16/2
f 1513/46/2 1518/47/2 1519/48/2 1520/49/2 1521/50/2 1522/51/2 1523/52/2 1514/53/2 1515/54/2 1516/55/2 1517/56/2
f 1532/57/2 1537/58/2 1538/59/2 1539/60/2 1540/61/2 1541/62/2 1542/63/2 1533/64/2 1534/65/2 1535/66/2 1536/67/2
f 1466/6/2 1513/46/2 1517/56/2 1481/44/2 1465/10/2
f 1503/36/2 1516/55/2 1515/54/2 1509/54/2 1512/36/2
f 1517/56/2 1516/55/2 1503/36/2 1504/39/2 1481/44/2
f 1496/37/2 1535/66/2 1534/65/2 1490/42/2 1497/38/2
f 1536/67/2 1535/66/2 1496/37/2 1511/37/2 1510/86/2
f 1534/65/2 1533/64/2 1467/5/2 1468/9/2 1490/42/2
f 1482/45/2 1505/40/2 1561/87/2 1555/88/2
f 1505/40/2 1498/41/2 1559/89/2 1561/87/2
f 1498/41/2 1491/43/2 1557/90/2 1559/89/2
f 1464/16/2 1482/45/2 1555/88/2 1552/91/2
f 1491/43/2 1469/15/2 1553/17/2 1557/90/2
f 1673/21/2 1671/12/2 1573/13/2 1599/22/2
f 1677/1/1 1682/1/1 1568/1/1 1567/1/1
f 1675/95/2 1673/21/2 1599/22/2 1608/28/2
f 1732/96/2 1728/97/2 1615/39/2 1702/98/2
f 1614/1/3 1605/1/3 1620/1/3 1622/1/3
f 1701/99/2 1587/54/2 1624/54/2 1705/99/2
f 1607/41/2 1598/43/2 1672/90/2 1674/89/2
f 1598/43/2 1572/15/2 1670/17/2 1672/90/2
f 1641/100/2 1644/103/2 1645/105/2 1646/107/2 1647/109/2 1642/111/2 1676/1/2 1643/1/2
f 1680/1/1 1681/1/1 1682/1/1 1677/1/1
f 1566/1/1 1589/1/1 1681/1/1 1680/1/1
f 1675/95/2 1608/28/2 1616/33/2 1686/95/2
f 1607/41/2 1674/89/2 1685/89/2 1676/1/2 1642/111/2
f 1686/95/2 1616/33/2 1687/33/2 1688/95/2
f 1692/95/2 1689/28/2 1690/33/2 1694/95/2
f 1694/95/2 1690/33/2 1697/33/2 1699/95/2
f 1614/36/2 1700/134/2 1704/134/2 1626/36/2
f 1726/135/2 1731/136/2 1703/137/2 1588/44/2
f 1676/1/2 1685/89/2 1695/89/2 1702/98/2 1615/39/2
f 1654/118/2 1656/121/2 1657/123/2 1658/125/2 1659/127/2 1660/129/2 1661/131/2 1655/133/2 1706/1/2
f 1706/1/2 1655/133/2 1707/133/2 1709/1/2
f 1715/1/2 1714/133/2 1716/133/2 1718/1/2
f 1655/133/2 1570/5/2 1708/5/2 1707/133/2
f 1597/42/2 1712/1/2 1710/133/2 1711/5/2 1571/9/2
f 1714/133/2 1713/5/2 1717/5/2 1716/133/2
f 1706/1/2 1709/1/2 1724/1/2 1717/5/2 1713/5/2
f 1587/54/2 1701/99/2 1731/136/2 1726/135/2
f 1700/134/2 1614/36/2 1728/97/2 1732/96/2
f 1597/42/2 1606/1/2 1727/1/2 1712/1/2
f 1605/1/1 1727/1/1 1723/1/1 1722/1/1 1720/5/1 1719/133/1 1721/1/1 1625/37/1
f 1843/21/2 1841/12/2 1743/13/2 1769/22/2
f 1847/1/1 1852/1/1 1738/1/1 1737/1/1
f 1845/95/2 1843/21/2 1769/22/2 1778/28/2
f 1902/96/2 1898/97/2 1785/39/2 1872/98/2
f 1784/1/5 1775/1/5 1790/1/5 1792/1/5
f 1871/99/2 1757/54/2 1794/54/2 1875/99/2
f 1777/41/2 1768/43/2 1842/90/2 1844/89/2
f 1768/43/2 1742/15/2 1840/17/2 1842/90/2
f 1811/100/2 1814/103/2 1815/105/2 1816/107/2 1817/109/2 1812/111/2 1846/1/2 1813/1/2
f 1850/1/1 1851/1/1 1852/1/1 1847/1/1
f 1736/1/1 1759/1/1 1851/1/1 1850/1/1
f 1845/95/2 1778/28/2 1786/33/2 1856/95/2
f 1777/41/2 1844/89/2 1855/89/2 1846/1/2 1812/111/2
f 1856/95/2 1786/33/2 1857/33/2 1858/95/2
f 1862/95/2 1859/28/2 1860/33/2 1864/95/2
f 1864/95/2 1860/33/2 1867/33/2 1869/95/2
f 1784/36/2 1870/134/2 1874/134/2 1796/36/2
f 1896/135/2 1901/136/2 1873/137/2 1758/44/2
f 1846/1/2 1855/89/2 1865/89/2 1872/98/2 1785/39/2
f 1824/118/2 1826/121/2 1827/123/2 1828/125/2 1829/127/2 1830/129/2 1831/131/2 1825/133/2 1876/1/2
f 1876/1/2 1825/133/2 1877/133/2 1879/1/2
f 1885/1/2 1884/133/2 1886/133/2 1888/1/2
f 1825/133/2 1740/5/2 1878/5/2 1877/133/2
f 1767/42/2 1882/1/2 1880/133/2 1881/5/2 1741/9/2
f 1884/133/2 1883/5/2 1887/5/2 1886/133/2
f 1876/1/2 1879/1/2 1894/1/2 1887/5/2 1883/5/2
f 1757/54/2 1871/99/2 1901/136/2 1896/135/2
f 1870/134/2 1784/36/2 1898/97/2 1902/96/2
f 1767/42/2 1776/1/2 1897/1/2 1882/1/2
f 1775/1/1 1897/1/1 1893/1/1 1892/1/1 1890/5/1 1889/133/1 1891/1/1 1795/37/1
f 1939/7/2 1942/8/2 1912/9/2 1909/10/2
f 1935/11/2 1938/12/2 1914/13/2 1907/14/2
f 1908/16/2 1913/15/2 1937/17/2 1936/18/2
f 1910/6/2 1911/5/2 1941/19/2 1940/20/2
f 1979/7/2 1982/8/2 1952/9/2 1949/10/2
f 1975/11/2 1978/12/2 1954/13/2 1947/14/2
f 1948/16/2 1953/15/2 1977/17/2 1976/18/2
f 1950/6/2 1951/5/2 1981/19/2 1980/20/2
f 2019/7/2 2022/8/2 1992/9/2 1989/10/2
f 2015/11/2 2018/12/2 1994/13/2 1987/14/2
f 1988/16/2 1993/15/2 2017/17/2 2016/18/2
f 1990/6/2 1991/5/2 2021/19/2 2020/20/2
f 2059/7/2 2062/8/2 2032/9/2 2029/10/2
f 2055/11/2 2058/12/2 2034/13/2 2027/14/2
f 2028/16/2 2033/15/2 2057/17/2 2056/18/2
f 2030/6/2 2031/5/2 2061/19/2 2060/20/2
f 2099/7/2 2102/8/2 2072/9/2 2069/10/2
f 2095/11/2 2098/12/2 2074/13/2 2067/14/2
f 2068/16/2 2073/15/2 2097/17/2 2096/18/2
f 2070/6/2 2071/5/2 2101/19/2 2100/20/2
f 2139/7/2 2142/8/2 2112/9/2 2109/10/2
f 2135/11/2 2138/12/2 2114/13/2 2107/14/2
f 2108/16/2 2113/15/2 2137/17/2 2136/18/2
f 2110/6/2 2111/5/2 2141/19/2 2140/20/2
f 2179/7/2 2182/8/2 2152/9/2 2149/10/2
f 2175/11/2 2178/12/2 2154/13/2 2147/14/2
f 2148/16/2 2153/15/2 2177/17/2 2176/18/2
f 2150/6/2 2151/5/2 2181/19/2 2180/20/2
f 858/6/2 3529/247/2 3545/265/2 888/20/2
f 856/16/2 3531/260/2 3543/267/2 884/18/2
f 883/11/2 3544/268/2 3532/269/2 855/14/2
f 887/7/2 3546/266/2 3530/270/2 857/10/2
f 3529/247/2 3552/263/2 3565/264/2 3545/265/2
f 3531/260/2 3554/259/2 3563/262/2 3543/267/2
f 3544/268/2 3564/252/2 3555/253/2 3532/269/2
f 3546/266/2 3566/249/2 3553/250/2 3530/270/2
f 3530/270/2 3553/250/2 3554/259/2 3531/260/2
usemtl Road2
f 222/5/3 221/6/3 205/6/3 212/5/3
f 218/1/3 217/1/3 210/1/3 209/1/3
f 211/14/2 208/13/2 209/3/2 210/2/2
f 206/1/2 207/4/2 212/5/2 205/6/2
f 224/1/4 223/1/4 207/1/4 206/1/4
f 223/1/5 222/1/5 212/1/5 207/1/5
f 220/14/4 219/13/4 208/13/4 211/14/4
f 217/1/6 220/1/6 211/1/6 210/1/6
f 219/1/5 218/1/5 209/1/5 208/1/5
f 221/1/6 224/1/6 206/1/6 205/1/6
f 204/1/5 196/1/5 218/1/5 219/1/5
f 195/1/6 197/1/6 220/1/6 217/1/6
f 197/14/4 204/13/4 219/13/4 220/14/4
f 196/1/3 195/1/3 217/1/3 218/1/3
f 200/1/6 193/1/6 224/1/6 221/1/6
f 194/1/5 201/1/5 222/1/5 223/1/5
f 193/1/4 194/1/4 223/1/4 224/1/4
f 201/5/3 200/6/3 221/6/3 222/5/3
f 254/1/3 235/1/3 250/1/3 259/1/3
f 268/23/2 248/13/2 249/3/2 267/24/2
f 261/1/4 234/1/4 247/1/4 262/1/4
f 234/1/5 241/1/5 252/1/5 247/1/5
f 266/22/4 244/13/4 248/13/4 268/23/4
f 235/1/6 237/1/6 251/1/6 250/1/6
f 244/1/5 236/1/5 249/1/5 248/1/5
f 240/1/6 233/1/6 246/1/6 245/1/6
f 237/14/4 257/25/4 260/25/4 251/14/4
f 233/1/4 253/1/4 258/1/4 246/1/4
f 251/14/2 260/25/2 259/26/2 250/2/2
f 276/1/3 254/1/3 259/1/3 281/1/3
f 236/1/3 263/1/3 267/1/3 249/1/3
f 273/28/4 266/22/4 268/23/4 275/29/4
f 275/29/2 268/23/2 267/24/2 274/30/2
f 282/34/2 275/29/2 274/30/2 281/35/2
f 280/33/4 273/28/4 275/29/4 282/34/4
f 263/1/3 269/1/3 274/1/3 267/1/3
f 257/25/4 280/33/4 282/34/4 260/25/4
f 260/25/2 282/34/2 281/35/2 259/26/2
f 269/1/3 276/1/3 281/1/3 274/1/3
f 287/46/7 299/68/7 305/69/7 292/47/7
f 292/47/8 305/69/8 304/70/8 293/48/8
f 293/48/9 304/70/9 303/71/9 294/49/9
f 294/49/10 303/71/10 302/72/10 295/50/10
f 295/50/11 302/72/11 301/73/11 296/51/11
f 296/51/12 301/73/12 300/74/12 297/52/12
f 297/52/13 300/74/13 298/75/13 288/53/13
f 306/57/14 318/76/14 324/77/14 311/58/14
f 311/58/15 324/77/15 323/78/15 312/59/15
f 312/59/16 323/78/16 322/79/16 313/60/16
f 313/60/17 322/79/17 321/80/17 314/61/17
f 314/61/18 321/80/18 320/81/18 315/62/18
f 315/62/19 320/81/19 319/82/19 316/63/19
f 316/63/20 319/82/20 317/83/20 307/64/20
f 258/84/5 253/1/5 288/53/5 298/75/5
f 287/46/3 240/6/3 245/6/3 299/68/3
f 246/1/2 258/84/2 298/75/2 300/74/2 301/73/2 302/72/2 303/71/2 304/70/2 305/69/2 299/68/2 245/6/2
f 241/5/3 307/64/3 317/83/3 252/5/3
f 318/76/6 306/57/6 261/1/6 262/85/6
f 262/85/2 247/4/2 252/5/2 317/83/2 319/82/2 320/81/2 321/80/2 322/79/2 323/78/2 324/77/2 318/76/2
f 341/14/4 342/25/4 356/25/4 355/14/4
f 375/23/2 351/13/2 352/3/2 374/24/2
f 368/1/4 338/1/4 350/1/4 369/1/4
f 338/1/5 344/1/5 354/1/5 350/1/5
f 373/22/4 347/13/4 351/13/4 375/23/4
f 347/1/5 339/1/5 352/1/5 351/1/5
f 343/1/6 337/1/6 349/1/6 348/1/6
f 457/92/2 452/93/2 355/14/2 356/25/2
f 337/1/4 359/1/4 364/1/4 349/1/4
f 349/1/2 364/84/2 366/54/2 348/6/2
f 452/1/6 451/1/6 341/1/6 355/1/6
f 456/94/5 457/92/5 356/25/5 342/25/5
f 387/1/3 360/1/3 365/1/3 391/1/3
f 339/1/3 370/1/3 374/1/3 352/1/3
f 382/28/4 373/22/4 375/23/4 384/29/4
f 364/84/5 359/1/5 361/54/5 366/54/5
f 384/29/2 375/23/2 374/24/2 383/30/2
f 392/34/2 384/29/2 383/30/2 391/35/2
f 390/33/4 382/28/4 384/29/4 392/34/4
f 370/1/3 378/1/3 383/1/3 374/1/3
f 363/25/4 390/33/4 392/34/4 367/25/4
f 367/25/2 392/34/2 391/35/2 365/26/2
f 378/1/3 387/1/3 391/1/3 383/1/3
f 403/1/21 410/1/21 414/1/21 405/1/21
f 405/1/22 414/1/22 413/1/22 406/1/22
f 406/1/17 413/1/17 412/1/17 407/1/17
f 407/1/23 412/1/23 411/1/23 408/1/23
f 408/1/24 411/1/24 409/1/24 404/1/24
f 360/1/3 404/1/3 409/1/3 365/1/3
f 403/1/6 340/1/6 353/1/6 410/1/6
f 353/14/2 367/25/2 365/26/2 409/112/2 411/113/2 412/114/2 413/115/2 414/116/2 410/117/2
f 428/118/14 437/119/14 443/120/14 430/121/14
f 430/121/15 443/120/15 442/122/15 431/123/15
f 431/123/16 442/122/16 441/124/16 432/125/16
f 432/125/17 441/124/17 440/126/17 433/127/17
f 433/127/18 440/126/18 439/128/18 434/129/18
f 434/129/19 439/128/19 438/130/19 435/131/19
f 435/131/20 438/130/20 436/132/20 429/133/20
f 344/5/3 429/133/3 436/132/3 354/5/3
f 437/119/6 428/118/6 368/1/6 369/85/6
f 369/85/2 350/4/2 354/5/2 436/132/2 438/130/2 439/128/2 440/126/2 441/124/2 442/122/2 443/120/2 437/119/2
f 363/25/5 367/25/5 458/94/5 455/94/5
f 455/94/5 458/94/5 457/92/5 456/94/5
f 353/1/6 340/1/6 454/1/6 453/1/6
f 453/1/6 454/1/6 451/1/6 452/1/6
f 367/25/2 353/14/2 453/93/2 458/94/2
f 458/94/2 453/93/2 452/93/2 457/92/2
f 639/1/3 637/1/3 524/1/3 532/1/3
f 661/1/4 660/1/4 521/1/4 534/1/4
f 660/1/5 659/1/5 526/1/5 521/1/5
f 637/1/6 638/1/6 525/1/6 524/1/6
f 649/1/5 648/1/5 523/1/5 522/1/5
f 670/1/6 671/1/6 520/1/6 519/1/6
f 671/1/4 672/1/4 531/1/4 520/1/4
f 648/1/3 650/1/3 538/1/3 523/1/3
f 640/175/25 585/176/25 591/177/25 641/178/25
f 641/178/26 591/177/26 590/179/26 642/180/26
f 642/180/27 590/179/27 589/181/27 643/182/27
f 643/182/28 589/181/28 588/183/28 644/184/28
f 644/184/29 588/183/29 587/185/29 645/186/29
f 645/186/30 587/185/30 586/187/30 646/188/30
f 646/188/31 586/187/31 584/189/31 647/190/31
f 673/191/7 577/191/7 583/192/7 674/193/7
f 674/193/8 583/192/8 582/194/8 675/195/8
f 675/195/9 582/194/9 581/196/9 676/197/9
f 676/197/10 581/196/10 580/198/10 677/199/10
f 677/199/11 580/198/11 579/200/11 678/201/11
f 678/201/12 579/200/12 578/202/12 679/203/12
f 679/203/13 578/202/13 576/204/13 680/205/13
f 662/206/14 614/207/14 620/208/14 663/209/14
f 663/209/15 620/208/15 619/210/15 664/211/15
f 664/211/16 619/210/16 618/212/16 665/213/16
f 665/213/17 618/212/17 617/214/17 666/215/17
f 666/215/18 617/214/18 616/216/18 667/217/18
f 667/217/19 616/216/19 615/218/19 668/219/19
f 668/219/20 615/218/20 613/220/20 669/221/20
f 651/165/32 622/165/32 628/222/32 652/223/32
f 652/223/33 628/222/33 627/224/33 653/225/33
f 653/225/34 627/224/34 626/226/34 654/227/34
f 654/227/35 626/226/35 625/228/35 655/229/35
f 655/229/36 625/228/36 624/230/36 656/231/36
f 656/231/37 624/230/37 623/232/37 657/233/37
f 657/233/38 623/232/38 621/234/38 658/235/38
f 672/237/5 527/1/5 556/145/5 680/205/5
f 673/191/3 670/6/3 519/6/3 577/191/3
f 638/14/4 647/190/4 584/189/4 525/14/4
f 640/175/5 566/25/5 551/25/5 528/25/5 639/241/5
f 520/1/2 531/84/2 576/204/2 578/202/2 579/200/2 580/198/2 581/196/2 582/194/2 583/192/2 577/191/2 519/6/2
f 525/14/2 584/189/2 586/187/2 587/185/2 588/183/2 589/181/2 590/179/2 591/177/2 585/176/2 532/26/2 524/2/2
f 659/5/3 669/221/3 613/220/3 526/5/3
f 662/206/6 592/155/6 533/1/6 661/242/6
f 651/165/4 649/13/4 522/13/4 622/165/4
f 650/245/6 535/1/6 552/1/6 604/172/6 658/235/6
f 534/85/2 521/4/2 526/5/2 613/220/2 615/218/2 616/216/2 617/214/2 618/212/2 619/210/2 620/208/2 614/207/2
f 621/234/2 623/232/2 624/230/2 625/228/2 626/226/2 627/224/2 628/222/2 622/165/2 522/13/2 523/3/2 538/24/2
f 585/176/5 640/175/5 639/241/5 532/26/5
f 511/14/4 567/152/4 647/190/4 638/14/4
f 575/151/31 646/188/31 647/190/31 567/152/31
f 574/150/30 645/186/30 646/188/30 575/151/30
f 573/149/29 644/184/29 645/186/29 574/150/29
f 572/148/28 643/182/28 644/184/28 573/149/28
f 571/148/27 642/180/27 643/182/27 572/148/27
f 570/148/26 641/178/26 642/180/26 571/148/26
f 566/25/25 640/175/25 641/178/25 570/148/25
f 509/1/6 511/1/6 638/1/6 637/1/6
f 528/1/3 509/1/3 637/1/3 639/1/3
f 538/24/6 650/245/6 658/235/6 621/234/6
f 603/165/4 518/13/4 649/13/4 651/165/4
f 612/171/38 657/233/38 658/235/38 604/172/38
f 611/170/37 656/231/37 657/233/37 612/171/37
f 610/169/36 655/229/36 656/231/36 611/170/36
f 609/168/35 654/227/35 655/229/35 610/169/35
f 608/167/34 653/225/34 654/227/34 609/168/34
f 607/166/33 652/223/33 653/225/33 608/167/33
f 603/165/32 651/165/32 652/223/32 607/166/32
f 510/1/3 535/1/3 650/1/3 648/1/3
f 518/1/5 510/1/5 648/1/5 649/1/5
f 614/207/6 662/206/6 661/242/6 534/85/6
f 515/5/3 593/162/3 669/221/3 659/5/3
f 602/161/20 668/219/20 669/221/20 593/162/20
f 601/160/19 667/217/19 668/219/19 602/161/19
f 600/159/18 666/215/18 667/217/18 601/160/18
f 599/158/17 665/213/17 666/215/17 600/159/17
f 598/157/16 664/211/16 665/213/16 599/158/16
f 597/156/15 663/209/15 664/211/15 598/157/15
f 592/155/14 662/206/14 663/209/14 597/156/14
f 508/1/5 515/1/5 659/1/5 660/1/5
f 533/1/4 508/1/4 660/1/4 661/1/4
f 555/138/3 514/6/3 670/6/3 673/191/3
f 531/84/5 672/237/5 680/205/5 576/204/5
f 565/144/13 679/203/13 680/205/13 556/145/13
f 564/143/12 678/201/12 679/203/12 565/144/12
f 563/142/11 677/199/11 678/201/11 564/143/11
f 562/141/10 676/197/10 677/199/10 563/142/10
f 561/140/9 675/195/9 676/197/9 562/141/9
f 560/139/8 674/193/8 675/195/8 561/140/8
f 555/138/7 673/191/7 674/193/7 560/139/7
f 507/1/4 527/1/4 672/1/4 671/1/4
f 514/1/6 507/1/6 671/1/6 670/1/6
f 685/14/6 686/25/6 700/25/6 699/14/6
f 719/23/2 695/13/2 696/3/2 718/24/2
f 712/1/6 682/1/6 694/1/6 713/1/6
f 682/1/4 688/1/4 698/1/4 694/1/4
f 717/22/6 691/13/6 695/13/6 719/23/6
f 691/1/4 683/1/4 696/1/4 695/1/4
f 687/1/3 681/1/3 693/1/3 692/1/3
f 801/92/2 796/93/2 699/14/2 700/25/2
f 681/1/6 703/1/6 708/1/6 693/1/6
f 693/1/2 708/84/2 710/54/2 692/6/2
f 796/1/3 795/1/3 685/1/3 699/1/3
f 800/94/4 801/92/4 700/25/4 686/25/4
f 731/1/5 704/1/5 709/1/5 735/1/5
f 683/1/5 714/1/5 718/1/5 696/1/5
f 726/28/6 717/22/6 719/23/6 728/29/6
f 708/84/4 703/1/4 705/54/4 710/54/4
f 728/29/2 719/23/2 718/24/2 727/30/2
f 736/34/2 728/29/2 727/30/2 735/35/2
f 734/33/6 726/28/6 728/29/6 736/34/6
f 714/1/5 722/1/5 727/1/5 718/1/5
f 707/25/6 734/33/6 736/34/6 711/25/6
f 711/25/2 736/34/2 735/35/2 709/26/2
f 722/1/5 731/1/5 735/1/5 727/1/5
f 747/1/39 754/1/39 758/1/39 749/1/39
f 749/1/40 758/1/40 757/1/40 750/1/40
f 750/1/10 757/1/10 756/1/10 751/1/10
f 751/1/41 756/1/41 755/1/41 752/1/41
f 752/1/42 755/1/42 753/1/42 748/1/42
f 704/1/5 748/1/5 753/1/5 709/1/5
f 747/1/3 684/1/3 697/1/3 754/1/3
f 697/14/2 711/25/2 709/26/2 753/112/2 755/113/2 756/114/2 757/115/2 758/116/2 754/117/2
f 772/118/7 781/119/7 787/120/7 774/121/7
f 774/121/8 787/120/8 786/122/8 775/123/8
f 775/123/9 786/122/9 785/124/9 776/125/9
f 776/125/10 785/124/10 784/126/10 777/127/10
f 777/127/11 784/126/11 783/128/11 778/129/11
f 778/129/12 783/128/12 782/130/12 779/131/12
f 779/131/13 782/130/13 780/132/13 773/133/13
f 688/5/5 773/133/5 780/132/5 698/5/5
f 781/119/3 772/118/3 712/1/3 713/85/3
f 713/85/2 694/4/2 698/5/2 780/132/2 782/130/2 783/128/2 784/126/2 785/124/2 786/122/2 787/120/2 781/119/2
f 707/25/4 711/25/4 802/94/4 799/94/4
f 799/94/4 802/94/4 801/92/4 800/94/4
f 697/1/3 684/1/3 798/1/3 797/1/3
f 797/1/3 798/1/3 795/1/3 796/1/3
f 711/25/2 697/14/2 797/93/2 802/94/2
f 802/94/2 797/93/2 796/93/2 801/92/2
f 3542/247/3 879/6/3 863/6/3 3535/248/3
f 3540/1/3 875/1/3 868/1/3 3534/1/3
f 3558/254/2 866/13/2 867/3/2 3556/255/2
f 3548/256/2 865/4/2 870/5/2 3557/257/2
f 3562/1/4 881/1/4 865/1/4 3548/1/4
f 881/1/5 880/1/5 870/1/5 865/1/5
f 3561/258/4 877/13/4 866/13/4 3558/254/4
f 875/1/6 878/1/6 869/1/6 868/1/6
f 877/1/5 876/1/5 867/1/5 866/1/5
f 879/1/6 882/1/6 864/1/6 863/1/6
f 862/1/5 854/1/5 876/1/5 877/1/5
f 853/1/6 855/1/6 878/1/6 875/1/6
f 3555/253/4 862/13/4 877/13/4 3561/258/4
f 3528/1/3 853/1/3 875/1/3 3540/1/3
f 858/1/6 851/1/6 882/1/6 879/1/6
f 852/1/5 859/1/5 880/1/5 881/1/5
f 3547/1/4 852/1/4 881/1/4 3562/1/4
f 3529/247/3 858/6/3 879/6/3 3542/247/3
f 920/5/3 919/6/3 903/6/3 910/5/3
f 916/1/3 915/1/3 908/1/3 907/1/3
f 909/14/2 906/13/2 907/3/2 908/2/2
f 904/1/2 905/4/2 910/5/2 903/6/2
f 922/1/4 921/1/4 905/1/4 904/1/4
f 921/1/5 920/1/5 910/1/5 905/1/5
f 918/14/4 917/13/4 906/13/4 909/14/4
f 915/1/6 918/1/6 909/1/6 908/1/6
f 917/1/5 916/1/5 907/1/5 906/1/5
f 919/1/6 922/1/6 904/1/6 903/1/6
f 902/1/5 894/1/5 916/1/5 917/1/5
f 893/1/6 895/1/6 918/1/6 915/1/6
f 895/14/4 902/13/4 917/13/4 918/14/4
f 894/1/3 893/1/3 915/1/3 916/1/3
f 898/1/6 891/1/6 922/1/6 919/1/6
f 892/1/5 899/1/5 920/1/5 921/1/5
f 891/1/4 892/1/4 921/1/4 922/1/4
f 899/5/3 898/6/3 919/6/3 920/5/3
f 960/5/3 959/6/3 943/6/3 950/5/3
f 956/1/3 955/1/3 948/1/3 947/1/3
f 949/14/2 946/13/2 947/3/2 948/2/2
f 944/1/2 945/4/2 950/5/2 943/6/2
f 962/1/4 961/1/4 945/1/4 944/1/4
f 961/1/5 960/1/5 950/1/5 945/1/5
f 958/14/4 957/13/4 946/13/4 949/14/4
f 955/1/6 958/1/6 949/1/6 948/1/6
f 957/1/5 956/1/5 947/1/5 946/1/5
f 959/1/6 962/1/6 944/1/6 943/1/6
f 942/1/5 934/1/5 956/1/5 957/1/5
f 933/1/6 935/1/6 958/1/6 955/1/6
f 935/14/4 942/13/4 957/13/4 958/14/4
f 934/1/3 933/1/3 955/1/3 956/1/3
f 938/1/6 931/1/6 962/1/6 959/1/6
f 932/1/5 939/1/5 960/1/5 961/1/5
f 931/1/4 932/1/4 961/1/4 962/1/4
f 939/5/3 938/6/3 959/6/3 960/5/3
f 1000/5/3 999/6/3 983/6/3 990/5/3
f 996/1/3 995/1/3 988/1/3 987/1/3
f 989/14/2 986/13/2 987/3/2 988/2/2
f 984/1/2 985/4/2 990/5/2 983/6/2
f 1002/1/4 1001/1/4 985/1/4 984/1/4
f 1001/1/5 1000/1/5 990/1/5 985/1/5
f 998/14/4 997/13/4 986/13/4 989/14/4
f 995/1/6 998/1/6 989/1/6 988/1/6
f 997/1/5 996/1/5 987/1/5 986/1/5
f 999/1/6 1002/1/6 984/1/6 983/1/6
f 982/1/5 974/1/5 996/1/5 997/1/5
f 973/1/6 975/1/6 998/1/6 995/1/6
f 975/14/4 982/13/4 997/13/4 998/14/4
f 974/1/3 973/1/3 995/1/3 996/1/3
f 978/1/6 971/1/6 1002/1/6 999/1/6
f 972/1/5 979/1/5 1000/1/5 1001/1/5
f 971/1/4 972/1/4 1001/1/4 1002/1/4
f 979/5/3 978/6/3 999/6/3 1000/5/3
f 1040/5/6 1039/6/6 1023/6/6 1030/5/6
f 1036/1/6 1035/1/6 1028/1/6 1027/1/6
f 1029/14/2 1026/13/2 1027/3/2 1028/2/2
f 1024/1/2 1025/4/2 1030/5/2 1023/6/2
f 1042/1/5 1041/1/5 1025/1/5 1024/1/5
f 1041/1/3 1040/1/3 1030/1/3 1025/1/3
f 1038/14/5 1037/13/5 1026/13/5 1029/14/5
f 1035/1/4 1038/1/4 1029/1/4 1028/1/4
f 1037/1/3 1036/1/3 1027/1/3 1026/1/3
f 1039/1/4 1042/1/4 1024/1/4 1023/1/4
f 1022/1/3 1014/1/3 1036/1/3 1037/1/3
f 1013/1/4 1015/1/4 1038/1/4 1035/1/4
f 1015/14/5 1022/13/5 1037/13/5 1038/14/5
f 1014/1/6 1013/1/6 1035/1/6 1036/1/6
f 1018/1/4 1011/1/4 1042/1/4 1039/1/4
f 1012/1/3 1019/1/3 1040/1/3 1041/1/3
f 1011/1/5 1012/1/5 1041/1/5 1042/1/5
f 1019/5/6 1018/6/6 1039/6/6 1040/5/6
f 1080/5/6 1079/6/6 1063/6/6 1070/5/6
f 1076/1/6 1075/1/6 1068/1/6 1067/1/6
f 1069/14/2 1066/13/2 1067/3/2 1068/2/2
f 1064/1/2 1065/4/2 1070/5/2 1063/6/2
f 1082/1/5 1081/1/5 1065/1/5 1064/1/5
f 1081/1/3 1080/1/3 1070/1/3 1065/1/3
f 1078/14/5 1077/13/5 1066/13/5 1069/14/5
f 1075/1/4 1078/1/4 1069/1/4 1068/1/4
f 1077/1/3 1076/1/3 1067/1/3 1066/1/3
f 1079/1/4 1082/1/4 1064/1/4 1063/1/4
f 1062/1/3 1054/1/3 1076/1/3 1077/1/3
f 1053/1/4 1055/1/4 1078/1/4 1075/1/4
f 1055/14/5 1062/13/5 1077/13/5 1078/14/5
f 1054/1/6 1053/1/6 1075/1/6 1076/1/6
f 1058/1/4 1051/1/4 1082/1/4 1079/1/4
f 1052/1/3 1059/1/3 1080/1/3 1081/1/3
f 1051/1/5 1052/1/5 1081/1/5 1082/1/5
f 1059/5/6 1058/6/6 1079/6/6 1080/5/6
f 1120/5/6 1119/6/6 1103/6/6 1110/5/6
f 1116/1/6 1115/1/6 1108/1/6 1107/1/6
f 1109/14/2 1106/13/2 1107/3/2 1108/2/2
f 1104/1/2 1105/4/2 1110/5/2 1103/6/2
f 1122/1/5 1121/1/5 1105/1/5 1104/1/5
f 1121/1/3 1120/1/3 1110/1/3 1105/1/3
f 1118/14/5 1117/13/5 1106/13/5 1109/14/5
f 1115/1/4 1118/1/4 1109/1/4 1108/1/4
f 1117/1/3 1116/1/3 1107/1/3 1106/1/3
f 1119/1/4 1122/1/4 1104/1/4 1103/1/4
f 1102/1/3 1094/1/3 1116/1/3 1117/1/3
f 1093/1/4 1095/1/4 1118/1/4 1115/1/4
f 1095/14/5 1102/13/5 1117/13/5 1118/14/5
f 1094/1/6 1093/1/6 1115/1/6 1116/1/6
f 1098/1/4 1091/1/4 1122/1/4 1119/1/4
f 1092/1/3 1099/1/3 1120/1/3 1121/1/3
f 1091/1/5 1092/1/5 1121/1/5 1122/1/5
f 1099/5/6 1098/6/6 1119/6/6 1120/5/6
f 1152/1/5 1133/1/5 1148/1/5 1157/1/5
f 1166/23/2 1146/13/2 1147/3/2 1165/24/2
f 1159/1/6 1132/1/6 1145/1/6 1160/1/6
f 1132/1/4 1139/1/4 1150/1/4 1145/1/4
f 1164/22/6 1142/13/6 1146/13/6 1166/23/6
f 1133/1/3 1135/1/3 1149/1/3 1148/1/3
f 1142/1/4 1134/1/4 1147/1/4 1146/1/4
f 1138/1/3 1131/1/3 1144/1/3 1143/1/3
f 1135/14/6 1155/25/6 1158/25/6 1149/14/6
f 1131/1/6 1151/1/6 1156/1/6 1144/1/6
f 1149/14/2 1158/25/2 1157/26/2 1148/2/2
f 1174/1/5 1152/1/5 1157/1/5 1179/1/5
f 1134/1/5 1161/1/5 1165/1/5 1147/1/5
f 1171/28/6 1164/22/6 1166/23/6 1173/29/6
f 1173/29/2 1166/23/2 1165/24/2 1172/30/2
f 1180/34/2 1173/29/2 1172/30/2 1179/35/2
f 1178/33/6 1171/28/6 1173/29/6 1180/34/6
f 1161/1/5 1167/1/5 1172/1/5 1165/1/5
f 1155/25/6 1178/33/6 1180/34/6 1158/25/6
f 1158/25/2 1180/34/2 1179/35/2 1157/26/2
f 1167/1/5 1174/1/5 1179/1/5 1172/1/5
f 1185/46/25 1197/68/25 1203/69/25 1190/47/25
f 1190/47/26 1203/69/26 1202/70/26 1191/48/26
f 1191/48/27 1202/70/27 1201/71/27 1192/49/27
f 1192/49/28 1201/71/28 1200/72/28 1193/50/28
f 1193/50/29 1200/72/29 1199/73/29 1194/51/29
f 1194/51/30 1199/73/30 1198/74/30 1195/52/30
f 1195/52/31 1198/74/31 1196/75/31 1186/53/31
f 1204/57/7 1216/76/7 1222/77/7 1209/58/7
f 1209/58/8 1222/77/8 1221/78/8 1210/59/8
f 1210/59/9 1221/78/9 1220/79/9 1211/60/9
f 1211/60/10 1220/79/10 1219/80/10 1212/61/10
f 1212/61/11 1219/80/11 1218/81/11 1213/62/11
f 1213/62/12 1218/81/12 1217/82/12 1214/63/12
f 1214/63/13 1217/82/13 1215/83/13 1205/64/13
f 1156/84/4 1151/1/4 1186/53/4 1196/75/4
f 1185/46/5 1138/6/5 1143/6/5 1197/68/5
f 1144/1/2 1156/84/2 1196/75/2 1198/74/2 1199/73/2 1200/72/2 1201/71/2 1202/70/2 1203/69/2 1197/68/2 1143/6/2
f 1139/5/5 1205/64/5 1215/83/5 1150/5/5
f 1216/76/3 1204/57/3 1159/1/3 1160/85/3
f 1160/85/2 1145/4/2 1150/5/2 1215/83/2 1217/82/2 1218/81/2 1219/80/2 1220/79/2 1221/78/2 1222/77/2 1216/76/2
f 1256/1/6 1237/1/6 1252/1/6 1261/1/6
f 1270/23/2 1250/13/2 1251/3/2 1269/24/2
f 1263/1/5 1236/1/5 1249/1/5 1264/1/5
f 1236/1/3 1243/1/3 1254/1/3 1249/1/3
f 1268/22/5 1246/13/5 1250/13/5 1270/23/5
f 1237/1/4 1239/1/4 1253/1/4 1252/1/4
f 1246/1/3 1238/1/3 1251/1/3 1250/1/3
f 1242/1/4 1235/1/4 1248/1/4 1247/1/4
f 1239/14/5 1259/25/5 1262/25/5 1253/14/5
f 1235/1/5 1255/1/5 1260/1/5 1248/1/5
f 1253/14/2 1262/25/2 1261/26/2 1252/2/2
f 1278/1/6 1256/1/6 1261/1/6 1283/1/6
f 1238/1/6 1265/1/6 1269/1/6 1251/1/6
f 1275/28/5 1268/22/5 1270/23/5 1277/29/5
f 1277/29/2 1270/23/2 1269/24/2 1276/30/2
f 1284/34/2 1277/29/2 1276/30/2 1283/35/2
f 1282/33/5 1275/28/5 1277/29/5 1284/34/5
f 1265/1/6 1271/1/6 1276/1/6 1269/1/6
f 1259/25/5 1282/33/5 1284/34/5 1262/25/5
f 1262/25/2 1284/34/2 1283/35/2 1261/26/2
f 1271/1/6 1278/1/6 1283/1/6 1276/1/6
f 1289/46/14 1301/68/14 1307/69/14 1294/47/14
f 1294/47/15 1307/69/15 1306/70/15 1295/48/15
f 1295/48/16 1306/70/16 1305/71/16 1296/49/16
f 1296/49/17 1305/71/17 1304/72/17 1297/50/17
f 1297/50/18 1304/72/18 1303/73/18 1298/51/18
f 1298/51/19 1303/73/19 1302/74/19 1299/52/19
f 1299/52/20 1302/74/20 1300/75/20 1290/53/20
f 1308/57/32 1320/76/32 1326/77/32 1313/58/32
f 1313/58/33 1326/77/33 1325/78/33 1314/59/33
f 1314/59/34 1325/78/34 1324/79/34 1315/60/34
f 1315/60/35 1324/79/35 1323/80/35 1316/61/35
f 1316/61/36 1323/80/36 1322/81/36 1317/62/36
f 1317/62/37 1322/81/37 1321/82/37 1318/63/37
f 1318/63/38 1321/82/38 1319/83/38 1309/64/38
f 1260/84/3 1255/1/3 1290/53/3 1300/75/3
f 1289/46/6 1242/6/6 1247/6/6 1301/68/6
f 1248/1/2 1260/84/2 1300/75/2 1302/74/2 1303/73/2 1304/72/2 1305/71/2 1306/70/2 1307/69/2 1301/68/2 1247/6/2
f 1243/5/6 1309/64/6 1319/83/6 1254/5/6
f 1320/76/4 1308/57/4 1263/1/4 1264/85/4
f 1264/85/2 1249/4/2 1254/5/2 1319/83/2 1321/82/2 1322/81/2 1323/80/2 1324/79/2 1325/78/2 1326/77/2 1320/76/2
f 1368/5/3 1367/6/3 1351/6/3 1358/5/3
f 1364/1/3 1363/1/3 1356/1/3 1355/1/3
f 1357/14/2 1354/13/2 1355/3/2 1356/2/2
f 1352/1/2 1353/4/2 1358/5/2 1351/6/2
f 1370/1/4 1369/1/4 1353/1/4 1352/1/4
f 1369/1/5 1368/1/5 1358/1/5 1353/1/5
f 1366/14/4 1365/13/4 1354/13/4 1357/14/4
f 1363/1/6 1366/1/6 1357/1/6 1356/1/6
f 1365/1/5 1364/1/5 1355/1/5 1354/1/5
f 1367/1/6 1370/1/6 1352/1/6 1351/1/6
f 1350/1/5 1342/1/5 1364/1/5 1365/1/5
f 1341/1/6 1343/1/6 1366/1/6 1363/1/6
f 1343/14/4 1350/13/4 1365/13/4 1366/14/4
f 1342/1/3 1341/1/3 1363/1/3 1364/1/3
f 1346/1/6 1339/1/6 1370/1/6 1367/1/6
f 1340/1/5 1347/1/5 1368/1/5 1369/1/5
f 1339/1/4 1340/1/4 1369/1/4 1370/1/4
f 1347/5/3 1346/6/3 1367/6/3 1368/5/3
f 1408/5/3 1407/6/3 1391/6/3 1398/5/3
f 1404/1/3 1403/1/3 1396/1/3 1395/1/3
f 1397/14/2 1394/13/2 1395/3/2 1396/2/2
f 1392/1/2 1393/4/2 1398/5/2 1391/6/2
f 1410/1/4 1409/1/4 1393/1/4 1392/1/4
f 1409/1/5 1408/1/5 1398/1/5 1393/1/5
f 1406/14/4 1405/13/4 1394/13/4 1397/14/4
f 1403/1/6 1406/1/6 1397/1/6 1396/1/6
f 1405/1/5 1404/1/5 1395/1/5 1394/1/5
f 1407/1/6 1410/1/6 1392/1/6 1391/1/6
f 1390/1/5 1382/1/5 1404/1/5 1405/1/5
f 1381/1/6 1383/1/6 1406/1/6 1403/1/6
f 1383/14/4 1390/13/4 1405/13/4 1406/14/4
f 1382/1/3 1381/1/3 1403/1/3 1404/1/3
f 1386/1/6 1379/1/6 1410/1/6 1407/1/6
f 1380/1/5 1387/1/5 1408/1/5 1409/1/5
f 1379/1/4 1380/1/4 1409/1/4 1410/1/4
f 1387/5/3 1386/6/3 1407/6/3 1408/5/3
f 1448/5/3 1447/6/3 1431/6/3 1438/5/3
f 1444/1/3 1443/1/3 1436/1/3 1435/1/3
f 1437/14/2 1434/13/2 1435/3/2 1436/2/2
f 1432/1/2 1433/4/2 1438/5/2 1431/6/2
f 1450/1/4 1449/1/4 1433/1/4 1432/1/4
f 1449/1/5 1448/1/5 1438/1/5 1433/1/5
f 1446/14/4 1445/13/4 1434/13/4 1437/14/4
f 1443/1/6 1446/1/6 1437/1/6 1436/1/6
f 1445/1/5 1444/1/5 1435/1/5 1434/1/5
f 1447/1/6 1450/1/6 1432/1/6 1431/1/6
f 1430/1/5 1422/1/5 1444/1/5 1445/1/5
f 1421/1/6 1423/1/6 1446/1/6 1443/1/6
f 1423/14/4 1430/13/4 1445/13/4 1446/14/4
f 1422/1/3 1421/1/3 1443/1/3 1444/1/3
f 1426/1/6 1419/1/6 1450/1/6 1447/1/6
f 1420/1/5 1427/1/5 1448/1/5 1449/1/5
f 1419/1/4 1420/1/4 1449/1/4 1450/1/4
f 1427/5/3 1426/6/3 1447/6/3 1448/5/3
f 1480/1/4 1461/1/4 1476/1/4 1485/1/4
f 1494/23/2 1474/13/2 1475/3/2 1493/24/2
f 1487/1/3 1460/1/3 1473/1/3 1488/1/3
f 1460/1/6 1467/1/6 1478/1/6 1473/1/6
f 1492/22/3 1470/13/3 1474/13/3 1494/23/3
f 1461/1/5 1463/1/5 1477/1/5 1476/1/5
f 1470/1/6 1462/1/6 1475/1/6 1474/1/6
f 1466/1/5 1459/1/5 1472/1/5 1471/1/5
f 1463/14/3 1483/25/3 1486/25/3 1477/14/3
f 1459/1/3 1479/1/3 1484/1/3 1472/1/3
f 1477/14/2 1486/25/2 1485/26/2 1476/2/2
f 1502/1/4 1480/1/4 1485/1/4 1507/1/4
f 1462/1/4 1489/1/4 1493/1/4 1475/1/4
f 1499/28/3 1492/22/3 1494/23/3 1501/29/3
f 1501/29/2 1494/23/2 1493/24/2 1500/30/2
f 1508/34/2 1501/29/2 1500/30/2 1507/35/2
f 1506/33/3 1499/28/3 1501/29/3 1508/34/3
f 1489/1/4 1495/1/4 1500/1/4 1493/1/4
f 1483/25/3 1506/33/3 1508/34/3 1486/25/3
f 1486/25/2 1508/34/2 1507/35/2 1485/26/2
f 1495/1/4 1502/1/4 1507/1/4 1500/1/4
f 1513/46/32 1525/68/32 1531/69/32 1518/47/32
f 1518/47/33 1531/69/33 1530/70/33 1519/48/33
f 1519/48/34 1530/70/34 1529/71/34 1520/49/34
f 1520/49/35 1529/71/35 1528/72/35 1521/50/35
f 1521/50/36 1528/72/36 1527/73/36 1522/51/36
f 1522/51/37 1527/73/37 1526/74/37 1523/52/37
f 1523/52/38 1526/74/38 1524/75/38 1514/53/38
f 1532/57/25 1544/76/25 1550/77/25 1537/58/25
f 1537/58/26 1550/77/26 1549/78/26 1538/59/26
f 1538/59/27 1549/78/27 1548/79/27 1539/60/27
f 1539/60/28 1548/79/28 1547/80/28 1540/61/28
f 1540/61/29 1547/80/29 1546/81/29 1541/62/29
f 1541/62/30 1546/81/30 1545/82/30 1542/63/30
f 1542/63/31 1545/82/31 1543/83/31 1533/64/31
f 1484/84/6 1479/1/6 1514/53/6 1524/75/6
f 1513/46/4 1466/6/4 1471/6/4 1525/68/4
f 1472/1/2 1484/84/2 1524/75/2 1526/74/2 1527/73/2 1528/72/2 1529/71/2 1530/70/2 1531/69/2 1525/68/2 1471/6/2
f 1467/5/4 1533/64/4 1543/83/4 1478/5/4
f 1544/76/5 1532/57/5 1487/1/5 1488/85/5
f 1488/85/2 1473/4/2 1478/5/2 1543/83/2 1545/82/2 1546/81/2 1547/80/2 1548/79/2 1549/78/2 1550/77/2 1544/76/2
f 1567/14/3 1568/25/3 1582/25/3 1581/14/3
f 1601/23/2 1577/13/2 1578/3/2 1600/24/2
f 1594/1/3 1564/1/3 1576/1/3 1595/1/3
f 1564/1/6 1570/1/6 1580/1/6 1576/1/6
f 1599/22/3 1573/13/3 1577/13/3 1601/23/3
f 1573/1/6 1565/1/6 1578/1/6 1577/1/6
f 1569/1/5 1563/1/5 1575/1/5 1574/1/5
f 1683/92/2 1678/93/2 1581/14/2 1582/25/2
f 1563/1/3 1585/1/3 1590/1/3 1575/1/3
f 1575/1/2 1590/84/2 1592/54/2 1574/6/2
f 1678/1/5 1677/1/5 1567/1/5 1581/1/5
f 1682/94/6 1683/92/6 1582/25/6 1568/25/6
f 1613/1/4 1586/1/4 1591/1/4 1617/1/4
f 1565/1/4 1596/1/4 1600/1/4 1578/1/4
f 1608/28/3 1599/22/3 1601/23/3 1610/29/3
f 1590/84/6 1585/1/6 1587/54/6 1592/54/6
f 1610/29/2 1601/23/2 1600/24/2 1609/30/2
f 1618/34/2 1610/29/2 1609/30/2 1617/35/2
f 1616/33/3 1608/28/3 1610/29/3 1618/34/3
f 1596/1/4 1604/1/4 1609/1/4 1600/1/4
f 1589/25/3 1616/33/3 1618/34/3 1593/25/3
f 1593/25/2 1618/34/2 1617/35/2 1591/26/2
f 1604/1/4 1613/1/4 1617/1/4 1609/1/4
f 1629/1/43 1636/1/43 1640/1/43 1631/1/43
f 1631/1/44 1640/1/44 1639/1/44 1632/1/44
f 1632/1/28 1639/1/28 1638/1/28 1633/1/28
f 1633/1/45 1638/1/45 1637/1/45 1634/1/45
f 1634/1/46 1637/1/46 1635/1/46 1630/1/46
f 1586/1/4 1630/1/4 1635/1/4 1591/1/4
f 1629/1/5 1566/1/5 1579/1/5 1636/1/5
f 1579/14/2 1593/25/2 1591/26/2 1635/112/2 1637/113/2 1638/114/2 1639/115/2 1640/116/2 1636/117/2
f 1654/118/47 1663/119/47 1669/120/47 1656/121/47
f 1656/121/26 1669/120/26 1668/122/26 1657/123/26
f 1657/123/27 1668/122/27 1667/124/27 1658/125/27
f 1658/125/28 1667/124/28 1666/126/28 1659/127/28
f 1659/127/29 1666/126/29 1665/128/29 1660/129/29
f 1660/129/30 1665/128/30 1664/130/30 1661/131/30
f 1661/131/31 1664/130/31 1662/132/31 1655/133/31
f 1570/5/4 1655/133/4 1662/132/4 1580/5/4
f 1663/119/5 1654/118/5 1594/1/5 1595/85/5
f 1595/85/2 1576/4/2 1580/5/2 1662/132/2 1664/130/2 1665/128/2 1666/126/2 1667/124/2 1668/122/2 1669/120/2 1663/119/2
f 1589/25/6 1593/25/6 1684/94/6 1681/94/6
f 1681/94/6 1684/94/6 1683/92/6 1682/94/6
f 1579/1/5 1566/1/5 1680/1/5 1679/1/5
f 1679/1/5 1680/1/5 1677/1/5 1678/1/5
f 1593/25/2 1579/14/2 1679/93/2 1684/94/2
f 1684/94/2 1679/93/2 1678/93/2 1683/92/2
f 1737/14/5 1738/25/5 1752/25/5 1751/14/5
f 1771/23/2 1747/13/2 1748/3/2 1770/24/2
f 1764/1/5 1734/1/5 1746/1/5 1765/1/5
f 1734/1/3 1740/1/3 1750/1/3 1746/1/3
f 1769/22/5 1743/13/5 1747/13/5 1771/23/5
f 1743/1/3 1735/1/3 1748/1/3 1747/1/3
f 1739/1/4 1733/1/4 1745/1/4 1744/1/4
f 1853/92/2 1848/93/2 1751/14/2 1752/25/2
f 1733/1/5 1755/1/5 1760/1/5 1745/1/5
f 1745/1/2 1760/84/2 1762/54/2 1744/6/2
f 1848/1/4 1847/1/4 1737/1/4 1751/1/4
f 1852/94/3 1853/92/3 1752/25/3 1738/25/3
f 1783/1/6 1756/1/6 1761/1/6 1787/1/6
f 1735/1/6 1766/1/6 1770/1/6 1748/1/6
f 1778/28/5 1769/22/5 1771/23/5 1780/29/5
f 1760/84/3 1755/1/3 1757/54/3 1762/54/3
f 1780/29/2 1771/23/2 1770/24/2 1779/30/2
f 1788/34/2 1780/29/2 1779/30/2 1787/35/2
f 1786/33/5 1778/28/5 1780/29/5 1788/34/5
f 1766/1/6 1774/1/6 1779/1/6 1770/1/6
f 1759/25/5 1786/33/5 1788/34/5 1763/25/5
f 1763/25/2 1788/34/2 1787/35/2 1761/26/2
f 1774/1/6 1783/1/6 1787/1/6 1779/1/6
f 1799/1/48 1806/1/48 1810/1/48 1801/1/48
f 1801/1/49 1810/1/49 1809/1/49 1802/1/49
f 1802/1/35 1809/1/35 1808/1/35 1803/1/35
f 1803/1/50 1808/1/50 1807/1/50 1804/1/50
f 1804/1/51 1807/1/51 1805/1/51 1800/1/51
f 1756/1/6 1800/1/6 1805/1/6 1761/1/6
f 1799/1/4 1736/1/4 1749/1/4 1806/1/4
f 1749/14/2 1763/25/2 1761/26/2 1805/112/2 1807/113/2 1808/114/2 1809/115/2 1810/116/2 1806/117/2
f 1824/118/32 1833/119/32 1839/120/32 1826/121/32
f 1826/121/33 1839/120/33 1838/122/33 1827/123/33
f 1827/123/34 1838/122/34 1837/124/34 1828/125/34
f 1828/125/35 1837/124/35 1836/126/35 1829/127/35
f 1829/127/36 1836/126/36 1835/128/36 1830/129/36
f 1830/129/37 1835/128/37 1834/130/37 1831/131/37
f 1831/131/53 1834/130/53 1832/132/53 1825/133/53
f 1740/5/6 1825/133/6 1832/132/6 1750/5/6
f 1833/119/4 1824/118/4 1764/1/4 1765/85/4
f 1765/85/2 1746/4/2 1750/5/2 1832/132/2 1834/130/2 1835/128/2 1836/126/2 1837/124/2 1838/122/2 1839/120/2 1833/119/2
f 1759/25/3 1763/25/3 1854/94/3 1851/94/3
f 1851/94/3 1854/94/3 1853/92/3 1852/94/3
f 1749/1/4 1736/1/4 1850/1/4 1849/1/4
f 1849/1/4 1850/1/4 1847/1/4 1848/1/4
f 1763/25/2 1749/14/2 1849/93/2 1854/94/2
f 1854/94/2 1849/93/2 1848/93/2 1853/92/2
f 1932/5/4 1931/6/4 1915/6/4 1922/5/4
f 1928/1/4 1927/1/4 1920/1/4 1919/1/4
f 1921/14/2 1918/13/2 1919/3/2 1920/2/2
f 1916/1/2 1917/4/2 1922/5/2 1915/6/2
f 1934/1/3 1933/1/3 1917/1/3 1916/1/3
f 1933/1/6 1932/1/6 1922/1/6 1917/1/6
f 1930/14/3 1929/13/3 1918/13/3 1921/14/3
f 1927/1/5 1930/1/5 1921/1/5 1920/1/5
f 1929/1/6 1928/1/6 1919/1/6 1918/1/6
f 1931/1/5 1934/1/5 1916/1/5 1915/1/5
f 1914/1/6 1906/1/6 1928/1/6 1929/1/6
f 1905/1/5 1907/1/5 1930/1/5 1927/1/5
f 1907/14/3 1914/13/3 1929/13/3 1930/14/3
f 1906/1/4 1905/1/4 1927/1/4 1928/1/4
f 1910/1/5 1903/1/5 1934/1/5 1931/1/5
f 1904/1/6 1911/1/6 1932/1/6 1933/1/6
f 1903/1/3 1904/1/3 1933/1/3 1934/1/3
f 1911/5/4 1910/6/4 1931/6/4 1932/5/4
f 1972/5/4 1971/6/4 1955/6/4 1962/5/4
f 1968/1/4 1967/1/4 1960/1/4 1959/1/4
f 1961/14/2 1958/13/2 1959/3/2 1960/2/2
f 1956/1/2 1957/4/2 1962/5/2 1955/6/2
f 1974/1/3 1973/1/3 1957/1/3 1956/1/3
f 1973/1/6 1972/1/6 1962/1/6 1957/1/6
f 1970/14/3 1969/13/3 1958/13/3 1961/14/3
f 1967/1/5 1970/1/5 1961/1/5 1960/1/5
f 1969/1/6 1968/1/6 1959/1/6 1958/1/6
f 1971/1/5 1974/1/5 1956/1/5 1955/1/5
f 1954/1/6 1946/1/6 1968/1/6 1969/1/6
f 1945/1/5 1947/1/5 1970/1/5 1967/1/5
f 1947/14/3 1954/13/3 1969/13/3 1970/14/3
f 1946/1/4 1945/1/4 1967/1/4 1968/1/4
f 1950/1/5 1943/1/5 1974/1/5 1971/1/5
f 1944/1/6 1951/1/6 1972/1/6 1973/1/6
f 1943/1/3 1944/1/3 1973/1/3 1974/1/3
f 1951/5/4 1950/6/4 1971/6/4 1972/5/4
f 2012/5/4 2011/6/4 1995/6/4 2002/5/4
f 2008/1/4 2007/1/4 2000/1/4 1999/1/4
f 2001/14/2 1998/13/2 1999/3/2 2000/2/2
f 1996/1/2 1997/4/2 2002/5/2 1995/6/2
f 2014/1/3 2013/1/3 1997/1/3 1996/1/3
f 2013/1/6 2012/1/6 2002/1/6 1997/1/6
f 2010/14/3 2009/13/3 1998/13/3 2001/14/3
f 2007/1/5 2010/1/5 2001/1/5 2000/1/5
f 2009/1/6 2008/1/6 1999/1/6 1998/1/6
f 2011/1/5 2014/1/5 1996/1/5 1995/1/5
f 1994/1/6 1986/1/6 2008/1/6 2009/1/6
f 1985/1/5 1987/1/5 2010/1/5 2007/1/5
f 1987/14/3 1994/13/3 2009/13/3 2010/14/3
f 1986/1/4 1985/1/4 2007/1/4 2008/1/4
f 1990/1/5 1983/1/5 2014/1/5 2011/1/5
f 1984/1/6 1991/1/6 2012/1/6 2013/1/6
f 1983/1/3 1984/1/3 2013/1/3 2014/1/3
f 1991/5/4 1990/6/4 2011/6/4 2012/5/4
f 2052/5/4 2051/6/4 2035/6/4 2042/5/4
f 2048/1/4 2047/1/4 2040/1/4 2039/1/4
f 2041/14/2 2038/13/2 2039/3/2 2040/2/2
f 2036/1/2 2037/4/2 2042/5/2 2035/6/2
f 2054/1/3 2053/1/3 2037/1/3 2036/1/3
f 2053/1/6 2052/1/6 2042/1/6 2037/1/6
f 2050/14/3 2049/13/3 2038/13/3 2041/14/3
f 2047/1/5 2050/1/5 2041/1/5 2040/1/5
f 2049/1/6 2048/1/6 2039/1/6 2038/1/6
f 2051/1/5 2054/1/5 2036/1/5 2035/1/5
f 2034/1/6 2026/1/6 2048/1/6 2049/1/6
f 2025/1/5 2027/1/5 2050/1/5 2047/1/5
f 2027/14/3 2034/13/3 2049/13/3 2050/14/3
f 2026/1/4 2025/1/4 2047/1/4 2048/1/4
f 2030/1/5 2023/1/5 2054/1/5 2051/1/5
f 2024/1/6 2031/1/6 2052/1/6 2053/1/6
f 2023/1/3 2024/1/3 2053/1/3 2054/1/3
f 2031/5/4 2030/6/4 2051/6/4 2052/5/4
f 2092/5/5 2091/6/5 2075/6/5 2082/5/5
f 2088/1/5 2087/1/5 2080/1/5 2079/1/5
f 2081/14/2 2078/13/2 2079/3/2 2080/2/2
f 2076/1/2 2077/4/2 2082/5/2 2075/6/2
f 2094/1/6 2093/1/6 2077/1/6 2076/1/6
f 2093/1/4 2092/1/4 2082/1/4 2077/1/4
f 2090/14/6 2089/13/6 2078/13/6 2081/14/6
f 2087/1/3 2090/1/3 2081/1/3 2080/1/3
f 2089/1/4 2088/1/4 2079/1/4 2078/1/4
f 2091/1/3 2094/1/3 2076/1/3 2075/1/3
f 2074/1/4 2066/1/4 2088/1/4 2089/1/4
f 2065/1/3 2067/1/3 2090/1/3 2087/1/3
f 2067/14/6 2074/13/6 2089/13/6 2090/14/6
f 2066/1/5 2065/1/5 2087/1/5 2088/1/5
f 2070/1/3 2063/1/3 2094/1/3 2091/1/3
f 2064/1/4 2071/1/4 2092/1/4 2093/1/4
f 2063/1/6 2064/1/6 2093/1/6 2094/1/6
f 2071/5/5 2070/6/5 2091/6/5 2092/5/5
f 2132/5/5 2131/6/5 2115/6/5 2122/5/5
f 2128/1/5 2127/1/5 2120/1/5 2119/1/5
f 2121/14/2 2118/13/2 2119/3/2 2120/2/2
f 2116/1/2 2117/4/2 2122/5/2 2115/6/2
f 2134/1/6 2133/1/6 2117/1/6 2116/1/6
f 2133/1/4 2132/1/4 2122/1/4 2117/1/4
f 2130/14/6 2129/13/6 2118/13/6 2121/14/6
f 2127/1/3 2130/1/3 2121/1/3 2120/1/3
f 2129/1/4 2128/1/4 2119/1/4 2118/1/4
f 2131/1/3 2134/1/3 2116/1/3 2115/1/3
f 2114/1/4 2106/1/4 2128/1/4 2129/1/4
f 2105/1/3 2107/1/3 2130/1/3 2127/1/3
f 2107/14/6 2114/13/6 2129/13/6 2130/14/6
f 2106/1/5 2105/1/5 2127/1/5 2128/1/5
f 2110/1/3 2103/1/3 2134/1/3 2131/1/3
f 2104/1/4 2111/1/4 2132/1/4 2133/1/4
f 2103/1/6 2104/1/6 2133/1/6 2134/1/6
f 2111/5/5 2110/6/5 2131/6/5 2132/5/5
f 2172/5/5 2171/6/5 2155/6/5 2162/5/5
f 2168/1/5 2167/1/5 2160/1/5 2159/1/5
f 2161/14/2 2158/13/2 2159/3/2 2160/2/2
f 2156/1/2 2157/4/2 2162/5/2 2155/6/2
f 2174/1/6 2173/1/6 2157/1/6 2156/1/6
f 2173/1/4 2172/1/4 2162/1/4 2157/1/4
f 2170/14/6 2169/13/6 2158/13/6 2161/14/6
f 2167/1/3 2170/1/3 2161/1/3 2160/1/3
f 2169/1/4 2168/1/4 2159/1/4 2158/1/4
f 2171/1/3 2174/1/3 2156/1/3 2155/1/3
f 2154/1/4 2146/1/4 2168/1/4 2169/1/4
f 2145/1/3 2147/1/3 2170/1/3 2167/1/3
f 2147/14/6 2154/13/6 2169/13/6 2170/14/6
f 2146/1/5 2145/1/5 2167/1/5 2168/1/5
f 2150/1/3 2143/1/3 2174/1/3 2171/1/3
f 2144/1/4 2151/1/4 2172/1/4 2173/1/4
f 2143/1/6 2144/1/6 2173/1/6 2174/1/6
f 2151/5/5 2150/6/5 2171/6/5 2172/5/5
f 3552/263/3 3529/247/3 3542/247/3 3550/263/3
f 851/1/4 3527/1/4 3541/1/4 882/1/4
f 3551/1/3 3528/1/3 3540/1/3 3549/1/3
f 855/14/4 3532/269/4 3539/269/4 878/14/4
f 878/14/4 3539/269/4 3536/269/4 869/14/4
f 882/1/4 3541/1/4 3533/1/4 864/1/4
f 864/1/2 3533/271/2 3535/248/2 863/6/2
f 869/14/2 3536/269/2 3534/272/2 868/2/2
f 3549/1/3 3540/1/3 3534/1/3 3556/1/3
f 3550/263/3 3542/247/3 3535/248/3 3557/257/3
f 880/5/3 3550/263/3 3557/257/3 870/5/3
f 876/1/3 3549/1/3 3556/1/3 867/1/3
f 854/1/3 3551/1/3 3549/1/3 876/1/3
f 859/5/3 3552/263/3 3550/263/3 880/5/3
f 3527/1/4 3547/1/4 3562/1/4 3541/1/4
f 3532/269/4 3555/253/4 3561/258/4 3539/269/4
f 3539/269/4 3561/258/4 3558/254/4 3536/269/4
f 3541/1/4 3562/1/4 3548/1/4 3533/1/4
f 3533/271/2 3548/256/2 3557/257/2 3535/248/2
f 3536/269/2 3558/254/2 3556/255/2 3534/272/2
usemtl Road3
f 199/10/4 202/9/4 215/9/4 214/10/4
f 214/10/2 215/9/2 216/15/2 213/16/2
f 203/15/3 198/16/3 213/16/3 216/15/3
f 202/1/5 203/1/5 216/1/5 215/1/5
f 198/1/6 199/1/6 214/1/6 213/1/6
f 371/42/4 345/9/4 357/9/4 376/42/4
f 376/42/2 357/9/2 358/15/2 377/43/2
f 345/1/5 346/1/5 358/1/5 357/1/5
f 346/15/3 372/43/3 377/43/3 358/15/3
f 380/1/4 371/1/4 376/1/4 395/1/4
f 503/1/5 501/1/5 380/1/5 395/1/5
f 504/1/2 503/1/2 395/1/2 397/1/2
f 372/43/3 381/41/3 386/41/3 377/43/3
f 502/97/6 388/36/6 396/36/6 504/97/6
f 396/36/1 394/37/1 401/37/1 402/36/1
f 388/36/5 396/36/5 402/36/5 400/36/5
f 394/37/6 379/37/6 399/37/6 401/37/6
f 415/100/21 423/101/21 427/102/21 418/103/21
f 418/103/22 427/102/22 426/104/22 419/105/22
f 419/105/17 426/104/17 425/106/17 420/107/17
f 420/107/23 425/106/23 424/108/23 421/109/23
f 421/109/24 424/108/24 422/110/24 416/111/24
f 381/41/3 416/111/3 422/110/3 386/41/3
f 423/101/6 415/100/6 389/39/6 393/39/6
f 380/1/1 385/38/1 393/39/1 423/101/1 427/102/1 426/104/1 425/106/1 424/108/1 422/110/1 386/41/1 395/1/1
f 377/43/2 386/41/2 395/1/2 376/42/2
f 389/39/6 502/97/6 504/97/6 397/39/6
f 396/1/2 394/1/2 503/1/2 504/1/2
f 394/1/5 379/1/5 501/1/5 503/1/5
f 402/36/3 401/37/3 399/37/3 400/36/3
f 715/42/6 689/9/6 701/9/6 720/42/6
f 720/42/2 701/9/2 702/15/2 721/43/2
f 689/1/4 690/1/4 702/1/4 701/1/4
f 690/15/5 716/43/5 721/43/5 702/15/5
f 724/1/6 715/1/6 720/1/6 739/1/6
f 847/1/4 845/1/4 724/1/4 739/1/4
f 848/1/2 847/1/2 739/1/2 741/1/2
f 716/43/5 725/41/5 730/41/5 721/43/5
f 846/97/3 732/36/3 740/36/3 848/97/3
f 740/36/1 738/37/1 745/37/1 746/36/1
f 732/36/4 740/36/4 746/36/4 744/36/4
f 738/37/3 723/37/3 743/37/3 745/37/3
f 759/100/39 767/101/39 771/102/39 762/103/39
f 762/103/40 771/102/40 770/104/40 763/105/40
f 763/105/10 770/104/10 769/106/10 764/107/10
f 764/107/41 769/106/41 768/108/41 765/109/41
f 765/109/42 768/108/42 766/110/42 760/111/42
f 725/41/5 760/111/5 766/110/5 730/41/5
f 767/101/3 759/100/3 733/39/3 737/39/3
f 724/1/1 729/38/1 737/39/1 767/101/1 771/102/1 770/104/1 769/106/1 768/108/1 766/110/1 730/41/1 739/1/1
f 721/43/2 730/41/2 739/1/2 720/42/2
f 733/39/3 846/97/3 848/97/3 741/39/3
f 740/1/2 738/1/2 847/1/2 848/1/2
f 738/1/4 723/1/4 845/1/4 847/1/4
f 746/36/5 745/37/5 743/37/5 744/36/5
f 3553/250/4 860/9/4 873/9/4 3559/251/4
f 3559/251/2 873/9/2 874/15/2 3560/259/2
f 3531/260/3 856/16/3 871/16/3 3538/261/3
f 860/1/5 861/1/5 874/1/5 873/1/5
f 856/1/6 857/1/6 872/1/6 871/1/6
f 897/10/4 900/9/4 913/9/4 912/10/4
f 912/10/2 913/9/2 914/15/2 911/16/2
f 901/15/3 896/16/3 911/16/3 914/15/3
f 900/1/5 901/1/5 914/1/5 913/1/5
f 896/1/6 897/1/6 912/1/6 911/1/6
f 937/10/4 940/9/4 953/9/4 952/10/4
f 952/10/2 953/9/2 954/15/2 951/16/2
f 941/15/3 936/16/3 951/16/3 954/15/3
f 940/1/5 941/1/5 954/1/5 953/1/5
f 936/1/6 937/1/6 952/1/6 951/1/6
f 977/10/4 980/9/4 993/9/4 992/10/4
f 992/10/2 993/9/2 994/15/2 991/16/2
f 981/15/3 976/16/3 991/16/3 994/15/3
f 980/1/5 981/1/5 994/1/5 993/1/5
f 976/1/6 977/1/6 992/1/6 991/1/6
f 1017/10/5 1020/9/5 1033/9/5 1032/10/5
f 1032/10/2 1033/9/2 1034/15/2 1031/16/2
f 1021/15/6 1016/16/6 1031/16/6 1034/15/6
f 1020/1/3 1021/1/3 1034/1/3 1033/1/3
f 1016/1/4 1017/1/4 1032/1/4 1031/1/4
f 1057/10/5 1060/9/5 1073/9/5 1072/10/5
f 1072/10/2 1073/9/2 1074/15/2 1071/16/2
f 1061/15/6 1056/16/6 1071/16/6 1074/15/6
f 1060/1/3 1061/1/3 1074/1/3 1073/1/3
f 1056/1/4 1057/1/4 1072/1/4 1071/1/4
f 1097/10/5 1100/9/5 1113/9/5 1112/10/5
f 1112/10/2 1113/9/2 1114/15/2 1111/16/2
f 1101/15/6 1096/16/6 1111/16/6 1114/15/6
f 1100/1/3 1101/1/3 1114/1/3 1113/1/3
f 1096/1/4 1097/1/4 1112/1/4 1111/1/4
f 1345/10/4 1348/9/4 1361/9/4 1360/10/4
f 1360/10/2 1361/9/2 1362/15/2 1359/16/2
f 1349/15/3 1344/16/3 1359/16/3 1362/15/3
f 1348/1/5 1349/1/5 1362/1/5 1361/1/5
f 1344/1/6 1345/1/6 1360/1/6 1359/1/6
f 1385/10/4 1388/9/4 1401/9/4 1400/10/4
f 1400/10/2 1401/9/2 1402/15/2 1399/16/2
f 1389/15/3 1384/16/3 1399/16/3 1402/15/3
f 1388/1/5 1389/1/5 1402/1/5 1401/1/5
f 1384/1/6 1385/1/6 1400/1/6 1399/1/6
f 1425/10/4 1428/9/4 1441/9/4 1440/10/4
f 1440/10/2 1441/9/2 1442/15/2 1439/16/2
f 1429/15/3 1424/16/3 1439/16/3 1442/15/3
f 1428/1/5 1429/1/5 1442/1/5 1441/1/5
f 1424/1/6 1425/1/6 1440/1/6 1439/1/6
f 1597/42/3 1571/9/3 1583/9/3 1602/42/3
f 1602/42/2 1583/9/2 1584/15/2 1603/43/2
f 1571/1/6 1572/1/6 1584/1/6 1583/1/6
f 1572/15/4 1598/43/4 1603/43/4 1584/15/4
f 1606/1/3 1597/1/3 1602/1/3 1621/1/3
f 1729/1/6 1727/1/6 1606/1/6 1621/1/6
f 1730/1/2 1729/1/2 1621/1/2 1623/1/2
f 1598/43/4 1607/41/4 1612/41/4 1603/43/4
f 1728/97/5 1614/36/5 1622/36/5 1730/97/5
f 1622/36/1 1620/37/1 1627/37/1 1628/36/1
f 1614/36/6 1622/36/6 1628/36/6 1626/36/6
f 1620/37/5 1605/37/5 1625/37/5 1627/37/5
f 1641/100/43 1649/101/43 1653/102/43 1644/103/43
f 1644/103/44 1653/102/44 1652/104/44 1645/105/44
f 1645/105/28 1652/104/28 1651/106/28 1646/107/28
f 1646/107/45 1651/106/45 1650/108/45 1647/109/45
f 1647/109/46 1650/108/46 1648/110/46 1642/111/46
f 1607/41/4 1642/111/4 1648/110/4 1612/41/4
f 1649/101/5 1641/100/5 1615/39/5 1619/39/5
f 1606/1/1 1611/38/1 1619/39/1 1649/101/1 1653/102/1 1652/104/1 1651/106/1 1650/108/1 1648/110/1 1612/41/1 1621/1/1
f 1603/43/2 1612/41/2 1621/1/2 1602/42/2
f 1615/39/5 1728/97/5 1730/97/5 1623/39/5
f 1622/1/2 1620/1/2 1729/1/2 1730/1/2
f 1620/1/6 1605/1/6 1727/1/6 1729/1/6
f 1628/36/4 1627/37/4 1625/37/4 1626/36/4
f 1767/42/5 1741/9/5 1753/9/5 1772/42/5
f 1772/42/2 1753/9/2 1754/15/2 1773/43/2
f 1741/1/3 1742/1/3 1754/1/3 1753/1/3
f 1742/15/6 1768/43/6 1773/43/6 1754/15/6
f 1776/1/5 1767/1/5 1772/1/5 1791/1/5
f 1899/1/3 1897/1/3 1776/1/3 1791/1/3
f 1900/1/2 1899/1/2 1791/1/2 1793/1/2
f 1768/43/6 1777/41/6 1782/41/6 1773/43/6
f 1898/97/4 1784/36/4 1792/36/4 1900/97/4
f 1792/36/1 1790/37/1 1797/37/1 1798/36/1
f 1784/36/3 1792/36/3 1798/36/3 1796/36/3
f 1790/37/4 1775/37/4 1795/37/4 1797/37/4
f 1811/100/52 1819/101/52 1823/102/52 1814/103/52
f 1814/103/49 1823/102/49 1822/104/49 1815/105/49
f 1815/105/35 1822/104/35 1821/106/35 1816/107/35
f 1816/107/50 1821/106/50 1820/108/50 1817/109/50
f 1817/109/51 1820/108/51 1818/110/51 1812/111/51
f 1777/41/6 1812/111/6 1818/110/6 1782/41/6
f 1819/101/4 1811/100/4 1785/39/4 1789/39/4
f 1776/1/1 1781/38/1 1789/39/1 1819/101/1 1823/102/1 1822/104/1 1821/106/1 1820/108/1 1818/110/1 1782/41/1 1791/1/1
f 1773/43/2 1782/41/2 1791/1/2 1772/42/2
f 1785/39/4 1898/97/4 1900/97/4 1793/39/4
f 1792/1/2 1790/1/2 1899/1/2 1900/1/2
f 1790/1/3 1775/1/3 1897/1/3 1899/1/3
f 1798/36/6 1797/37/6 1795/37/6 1796/36/6
f 1909/10/3 1912/9/3 1925/9/3 1924/10/3
f 1924/10/2 1925/9/2 1926/15/2 1923/16/2
f 1913/15/4 1908/16/4 1923/16/4 1926/15/4
f 1912/1/6 1913/1/6 1926/1/6 1925/1/6
f 1908/1/5 1909/1/5 1924/1/5 1923/1/5
f 1949/10/3 1952/9/3 1965/9/3 1964/10/3
f 1964/10/2 1965/9/2 1966/15/2 1963/16/2
f 1953/15/4 1948/16/4 1963/16/4 1966/15/4
f 1952/1/6 1953/1/6 1966/1/6 1965/1/6
f 1948/1/5 1949/1/5 1964/1/5 1963/1/5
f 1989/10/3 1992/9/3 2005/9/3 2004/10/3
f 2004/10/2 2005/9/2 2006/15/2 2003/16/2
f 1993/15/4 1988/16/4 2003/16/4 2006/15/4
f 1992/1/6 1993/1/6 2006/1/6 2005/1/6
f 1988/1/5 1989/1/5 2004/1/5 2003/1/5
f 2029/10/3 2032/9/3 2045/9/3 2044/10/3
f 2044/10/2 2045/9/2 2046/15/2 2043/16/2
f 2033/15/4 2028/16/4 2043/16/4 2046/15/4
f 2032/1/6 2033/1/6 2046/1/6 2045/1/6
f 2028/1/5 2029/1/5 2044/1/5 2043/1/5
f 2069/10/6 2072/9/6 2085/9/6 2084/10/6
f 2084/10/2 2085/9/2 2086/15/2 2083/16/2
f 2073/15/5 2068/16/5 2083/16/5 2086/15/5
f 2072/1/4 2073/1/4 2086/1/4 2085/1/4
f 2068/1/3 2069/1/3 2084/1/3 2083/1/3
f 2109/10/6 2112/9/6 2125/9/6 2124/10/6
f 2124/10/2 2125/9/2 2126/15/2 2123/16/2
f 2113/15/5 2108/16/5 2123/16/5 2126/15/5
f 2112/1/4 2113/1/4 2126/1/4 2125/1/4
f 2108/1/3 2109/1/3 2124/1/3 2123/1/3
f 2149/10/6 2152/9/6 2165/9/6 2164/10/6
f 2164/10/2 2165/9/2 2166/15/2 2163/16/2
f 2153/15/5 2148/16/5 2163/16/5 2166/15/5
f 2152/1/4 2153/1/4 2166/1/4 2165/1/4
f 2148/1/3 2149/1/3 2164/1/3 2163/1/3
f 872/10/2 3537/270/2 3538/261/2 871/16/2
f 857/10/4 3530/270/4 3537/270/4 872/10/4
f 861/15/3 3554/259/3 3560/259/3 874/15/3
f 3560/259/6 3554/259/6 3553/250/6 3559/251/6
f 3538/261/5 3537/270/5 3530/270/5 3531/260/5
usemtl Road4
f 97/1/2 98/4/2 103/4/2 102/1/2
f 226/18/2 227/17/2 228/12/2 225/11/2
f 230/20/2 231/19/2 232/8/2 229/7/2
f 329/88/2 335/87/2 336/32/2 330/27/2
f 335/87/2 333/89/2 334/31/2 336/32/2
f 333/89/2 331/90/2 332/21/2 334/31/2
f 326/91/2 329/88/2 330/27/2 325/11/2
f 331/90/2 327/17/2 328/12/2 332/21/2
f 448/89/2 446/90/2 447/21/2 449/95/2
f 446/90/2 444/17/2 445/12/2 447/21/2
f 448/89/2 449/95/2 460/95/2 459/89/2
f 467/1/2 469/89/2 470/95/2 466/95/2 468/95/2
f 459/89/2 460/95/2 470/95/2 469/89/2
f 467/1/2 468/95/2 473/95/2 472/1/2
f 474/134/2 475/99/2 479/99/2 478/134/2
f 505/136/2 506/96/2 476/98/2 477/137/2
f 481/133/2 482/5/2 485/5/2 484/133/2
f 483/1/2 481/133/2 484/133/2 486/1/2
f 490/133/2 491/5/2 494/5/2 493/133/2
f 492/1/2 490/133/2 493/133/2 495/1/2
f 498/1/2 499/1/2 497/1/2 496/1/2
f 483/1/2 486/1/2 499/1/2 498/1/2
f 491/5/2 498/1/2 496/1/2 494/5/2
f 475/99/2 474/134/2 506/96/2 505/136/2
f 792/89/2 790/90/2 791/21/2 793/95/2
f 790/90/2 788/17/2 789/12/2 791/21/2
f 792/89/2 793/95/2 804/95/2 803/89/2
f 811/1/2 813/89/2 814/95/2 810/95/2 812/95/2
f 803/89/2 804/95/2 814/95/2 813/89/2
f 811/1/2 812/95/2 817/95/2 816/1/2
f 818/134/2 819/99/2 823/99/2 822/134/2
f 849/136/2 850/96/2 820/98/2 821/137/2
f 825/133/2 826/5/2 829/5/2 828/133/2
f 827/1/2 825/133/2 828/133/2 830/1/2
f 834/133/2 835/5/2 838/5/2 837/133/2
f 836/1/2 834/133/2 837/133/2 839/1/2
f 842/1/2 843/1/2 841/1/2 840/1/2
f 827/1/2 830/1/2 843/1/2 842/1/2
f 835/5/2 842/1/2 840/1/2 838/5/2
f 819/99/2 818/134/2 850/96/2 849/136/2
f 3563/262/2 885/17/2 886/12/2 3564/252/2
f 3565/264/2 889/19/2 890/8/2 3566/249/2
f 924/18/2 925/17/2 926/12/2 923/11/2
f 928/20/2 929/19/2 930/8/2 927/7/2
f 964/18/2 965/17/2 966/12/2 963/11/2
f 968/20/2 969/19/2 970/8/2 967/7/2
f 1004/18/2 1005/17/2 1006/12/2 1003/11/2
f 1008/20/2 1009/19/2 1010/8/2 1007/7/2
f 1044/18/2 1045/17/2 1046/12/2 1043/11/2
f 1048/20/2 1049/19/2 1050/8/2 1047/7/2
f 1084/18/2 1085/17/2 1086/12/2 1083/11/2
f 1088/20/2 1089/19/2 1090/8/2 1087/7/2
f 1124/18/2 1125/17/2 1126/12/2 1123/11/2
f 1128/20/2 1129/19/2 1130/8/2 1127/7/2
f 1227/88/2 1233/87/2 1234/32/2 1228/27/2
f 1233/87/2 1231/89/2 1232/31/2 1234/32/2
f 1231/89/2 1229/90/2 1230/21/2 1232/31/2
f 1224/91/2 1227/88/2 1228/27/2 1223/11/2
f 1229/90/2 1225/17/2 1226/12/2 1230/21/2
f 1331/88/2 1337/87/2 1338/32/2 1332/27/2
f 1337/87/2 1335/89/2 1336/31/2 1338/32/2
f 1335/89/2 1333/90/2 1334/21/2 1336/31/2
f 1372/18/2 1373/17/2 1374/12/2 1371/11/2
f 1376/20/2 1377/19/2 1378/8/2 1375/7/2
f 1412/18/2 1413/17/2 1414/12/2 1411/11/2
f 1416/20/2 1417/19/2 1418/8/2 1415/7/2
f 1452/18/2 1453/17/2 1454/12/2 1451/11/2
f 1456/20/2 1457/19/2 1458/8/2 1455/7/2
f 1555/88/2 1561/87/2 1562/32/2 1556/27/2
f 1561/87/2 1559/89/2 1560/31/2 1562/32/2
f 1559/89/2 1557/90/2 1558/21/2 1560/31/2
f 1552/91/2 1555/88/2 1556/27/2 1551/11/2
f 1557/90/2 1553/17/2 1554/12/2 1558/21/2
f 1674/89/2 1672/90/2 1673/21/2 1675/95/2
f 1672/90/2 1670/17/2 1671/12/2 1673/21/2
f 1674/89/2 1675/95/2 1686/95/2 1685/89/2
f 1693/1/2 1695/89/2 1696/95/2 1692/95/2 1694/95/2
f 1685/89/2 1686/95/2 1696/95/2 1695/89/2
f 1693/1/2 1694/95/2 1699/95/2 1698/1/2
f 1700/134/2 1701/99/2 1705/99/2 1704/134/2
f 1731/136/2 1732/96/2 1702/98/2 1703/137/2
f 1707/133/2 1708/5/2 1711/5/2 1710/133/2
f 1709/1/2 1707/133/2 1710/133/2 1712/1/2
f 1716/133/2 1717/5/2 1720/5/2 1719/133/2
f 1718/1/2 1716/133/2 1719/133/2 1721/1/2
f 1724/1/2 1725/1/2 1723/1/2 1722/1/2
f 1709/1/2 1712/1/2 1725/1/2 1724/1/2
f 1717/5/2 1724/1/2 1722/1/2 1720/5/2
f 1701/99/2 1700/134/2 1732/96/2 1731/136/2
f 1844/89/2 1842/90/2 1843/21/2 1845/95/2
f 1842/90/2 1840/17/2 1841/12/2 1843/21/2
f 1844/89/2 1845/95/2 1856/95/2 1855/89/2
f 1863/1/2 1865/89/2 1866/95/2 1862/95/2 1864/95/2
f 1855/89/2 1856/95/2 1866/95/2 1865/89/2
f 1863/1/2 1864/95/2 1869/95/2 1868/1/2
f 1870/134/2 1871/99/2 1875/99/2 1874/134/2
f 1901/136/2 1902/96/2 1872/98/2 1873/137/2
f 1877/133/2 1878/5/2 1881/5/2 1880/133/2
f 1879/1/2 1877/133/2 1880/133/2 1882/1/2
f 1886/133/2 1887/5/2 1890/5/2 1889/133/2
f 1888/1/2 1886/133/2 1889/133/2 1891/1/2
f 1894/1/2 1895/1/2 1893/1/2 1892/1/2
f 1879/1/2 1882/1/2 1895/1/2 1894/1/2
f 1887/5/2 1894/1/2 1892/1/2 1890/5/2
f 1871/99/2 1870/134/2 1902/96/2 1901/136/2
f 1936/18/2 1937/17/2 1938/12/2 1935/11/2
f 1940/20/2 1941/19/2 1942/8/2 1939/7/2
f 1976/18/2 1977/17/2 1978/12/2 1975/11/2
f 1980/20/2 1981/19/2 1982/8/2 1979/7/2
f 2016/18/2 2017/17/2 2018/12/2 2015/11/2
f 2020/20/2 2021/19/2 2022/8/2 2019/7/2
f 2056/18/2 2057/17/2 2058/12/2 2055/11/2
f 2060/20/2 2061/19/2 2062/8/2 2059/7/2
f 2096/18/2 2097/17/2 2098/12/2 2095/11/2
f 2100/20/2 2101/19/2 2102/8/2 2099/7/2
f 2136/18/2 2137/17/2 2138/12/2 2135/11/2
f 2140/20/2 2141/19/2 2142/8/2 2139/7/2
f 2176/18/2 2177/17/2 2178/12/2 2175/11/2
f 2180/20/2 2181/19/2 2182/8/2 2179/7/2
f 2183/1/2 2184/4/2 2189/4/2 2188/1/2
f 2860/1/2 2861/4/2 2862/3/2 2859/2/2
f 2956/1/2 2957/4/2 2958/3/2 2955/2/2
f 888/20/2 3545/265/2 3546/266/2 887/7/2
f 884/18/2 3543/267/2 3544/268/2 883/11/2
f 3545/265/2 3565/264/2 3566/249/2 3546/266/2
f 3543/267/2 3563/262/2 3564/252/2 3544/268/2
usemtl Crossing
f 1/1/1 3/2/1 4/3/1 2/4/1
f 6/1/2 7/4/2 8/3/2 5/2/2
f 2/4/2 4/3/2 8/3/2 7/4/2
f 3/2/2 1/1/2 6/1/2 5/2/2
f 4/3/2 3/2/2 5/2/2 8/3/2
f 1/1/2 2/4/2 7/4/2 6/1/2
f 9/1/1 11/2/1 12/3/1 10/4/1
f 14/1/2 15/4/2 16/3/2 13/2/2
f 10/4/2 12/3/2 16/3/2 15/4/2
f 11/2/2 9/1/2 14/1/2 13/2/2
f 12/3/2 11/2/2 13/2/2 16/3/2
f 9/1/2 10/4/2 15/4/2 14/1/2
f 17/1/1 19/2/1 20/3/1 18/4/1
f 22/1/2 23/4/2 24/3/2 21/2/2
f 18/4/2 20/3/2 24/3/2 23/4/2
f 19/2/2 17/1/2 22/1/2 21/2/2
f 20/3/2 19/2/2 21/2/2 24/3/2
f 17/1/2 18/4/2 23/4/2 22/1/2
f 25/1/1 27/2/1 28/3/1 26/4/1
f 30/1/2 31/4/2 32/3/2 29/2/2
f 26/4/2 28/3/2 32/3/2 31/4/2
f 27/2/2 25/1/2 30/1/2 29/2/2
f 28/3/2 27/2/2 29/2/2 32/3/2
f 25/1/2 26/4/2 31/4/2 30/1/2
f 33/1/1 35/2/1 36/3/1 34/4/1
f 38/1/2 39/4/2 40/3/2 37/2/2
f 34/4/2 36/3/2 40/3/2 39/4/2
f 35/2/2 33/1/2 38/1/2 37/2/2
f 36/3/2 35/2/2 37/2/2 40/3/2
f 33/1/2 34/4/2 39/4/2 38/1/2
f 41/1/1 43/2/1 44/3/1 42/4/1
f 46/1/2 47/4/2 48/3/2 45/2/2
f 42/4/2 44/3/2 48/3/2 47/4/2
f 43/2/2 41/1/2 46/1/2 45/2/2
f 44/3/2 43/2/2 45/2/2 48/3/2
f 41/1/2 42/4/2 47/4/2 46/1/2
f 49/1/1 51/2/1 52/3/1 50/4/1
f 54/1/2 55/4/2 56/3/2 53/2/2
f 50/4/2 52/3/2 56/3/2 55/4/2
f 51/2/2 49/1/2 54/1/2 53/2/2
f 52/3/2 51/2/2 53/2/2 56/3/2
f 49/1/2 50/4/2 55/4/2 54/1/2
f 57/1/1 59/2/1 60/3/1 58/4/1
f 62/1/2 63/4/2 64/3/2 61/2/2
f 58/4/2 60/3/2 64/3/2 63/4/2
f 59/2/2 57/1/2 62/1/2 61/2/2
f 60/3/2 59/2/2 61/2/2 64/3/2
f 57/1/2 58/4/2 63/4/2 62/1/2
f 65/1/1 67/2/1 68/3/1 66/4/1
f 70/1/2 71/4/2 72/3/2 69/2/2
f 66/4/2 68/3/2 72/3/2 71/4/2
f 67/2/2 65/1/2 70/1/2 69/2/2
f 68/3/2 67/2/2 69/2/2 72/3/2
f 65/1/2 66/4/2 71/4/2 70/1/2
f 73/1/1 75/2/1 76/3/1 74/4/1
f 78/1/2 79/4/2 80/3/2 77/2/2
f 74/4/2 76/3/2 80/3/2 79/4/2
f 75/2/2 73/1/2 78/1/2 77/2/2
f 76/3/2 75/2/2 77/2/2 80/3/2
f 73/1/2 74/4/2 79/4/2 78/1/2
f 81/1/1 83/2/1 84/3/1 82/4/1
f 86/1/2 87/4/2 88/3/2 85/2/2
f 82/4/2 84/3/2 88/3/2 87/4/2
f 83/2/2 81/1/2 86/1/2 85/2/2
f 84/3/2 83/2/2 85/2/2 88/3/2
f 81/1/2 82/4/2 87/4/2 86/1/2
f 89/1/1 91/2/1 92/3/1 90/4/1
f 94/1/2 95/4/2 96/3/2 93/2/2
f 90/4/2 92/3/2 96/3/2 95/4/2
f 91/2/2 89/1/2 94/1/2 93/2/2
f 92/3/2 91/2/2 93/2/2 96/3/2
f 89/1/2 90/4/2 95/4/2 94/1/2
f 97/1/1 99/2/1 100/3/1 98/4/1
f 102/1/2 103/4/2 104/3/2 101/2/2
f 98/4/2 100/3/2 104/3/2 103/4/2
f 99/2/2 97/1/2 102/1/2 101/2/2
f 100/3/2 99/2/2 101/2/2 104/3/2
f 105/1/1 107/2/1 108/3/1 106/4/1
f 110/1/2 111/4/2 112/3/2 109/2/2
f 106/4/2 108/3/2 112/3/2 111/4/2
f 107/2/2 105/1/2 110/1/2 109/2/2
f 108/3/2 107/2/2 109/2/2 112/3/2
f 105/1/2 106/4/2 111/4/2 110/1/2
f 113/1/1 115/2/1 116/3/1 114/4/1
f 118/1/2 119/4/2 120/3/2 117/2/2
f 114/4/2 116/3/2 120/3/2 119/4/2
f 115/2/2 113/1/2 118/1/2 117/2/2
f 116/3/2 115/2/2 117/2/2 120/3/2
f 113/1/2 114/4/2 119/4/2 118/1/2
f 121/1/1 123/2/1 124/3/1 122/4/1
f 126/1/2 127/4/2 128/3/2 125/2/2
f 122/4/2 124/3/2 128/3/2 127/4/2
f 123/2/2 121/1/2 126/1/2 125/2/2
f 124/3/2 123/2/2 125/2/2 128/3/2
f 121/1/2 122/4/2 127/4/2 126/1/2
f 129/1/1 131/2/1 132/3/1 130/4/1
f 134/1/2 135/4/2 136/3/2 133/2/2
f 130/4/2 132/3/2 136/3/2 135/4/2
f 131/2/2 129/1/2 134/1/2 133/2/2
f 132/3/2 131/2/2 133/2/2 136/3/2
f 129/1/2 130/4/2 135/4/2 134/1/2
f 137/1/1 139/2/1 140/3/1 138/4/1
f 142/1/2 143/4/2 144/3/2 141/2/2
f 138/4/2 140/3/2 144/3/2 143/4/2
f 139/2/2 137/1/2 142/1/2 141/2/2
f 140/3/2 139/2/2 141/2/2 144/3/2
f 137/1/2 138/4/2 143/4/2 142/1/2
f 145/1/1 147/2/1 148/3/1 146/4/1
f 150/1/2 151/4/2 152/3/2 149/2/2
f 146/4/2 148/3/2 152/3/2 151/4/2
f 147/2/2 145/1/2 150/1/2 149/2/2
f 148/3/2 147/2/2 149/2/2 152/3/2
f 145/1/2 146/4/2 151/4/2 150/1/2
f 153/1/1 155/2/1 156/3/1 154/4/1
f 158/1/2 159/4/2 160/3/2 157/2/2
f 154/4/2 156/3/2 160/3/2 159/4/2
f 155/2/2 153/1/2 158/1/2 157/2/2
f 156/3/2 155/2/2 157/2/2 160/3/2
f 153/1/2 154/4/2 159/4/2 158/1/2
f 161/1/1 163/2/1 164/3/1 162/4/1
f 166/1/2 167/4/2 168/3/2 165/2/2
f 162/4/2 164/3/2 168/3/2 167/4/2
f 163/2/2 161/1/2 166/1/2 165/2/2
f 164/3/2 163/2/2 165/2/2 168/3/2
f 161/1/2 162/4/2 167/4/2 166/1/2
f 169/1/1 171/2/1 172/3/1 170/4/1
f 174/1/2 175/4/2 176/3/2 173/2/2
f 170/4/2 172/3/2 176/3/2 175/4/2
f 171/2/2 169/1/2 174/1/2 173/2/2
f 172/3/2 171/2/2 173/2/2 176/3/2
f 169/1/2 170/4/2 175/4/2 174/1/2
f 177/1/1 179/2/1 180/3/1 178/4/1
f 182/1/2 183/4/2 184/3/2 181/2/2
f 178/4/2 180/3/2 184/3/2 183/4/2
f 179/2/2 177/1/2 182/1/2 181/2/2
f 180/3/2 179/2/2 181/2/2 184/3/2
f 177/1/2 178/4/2 183/4/2 182/1/2
f 185/1/1 187/2/1 188/3/1 186/4/1
f 190/1/2 191/4/2 192/3/2 189/2/2
f 186/4/2 188/3/2 192/3/2 191/4/2
f 187/2/2 185/1/2 190/1/2 189/2/2
f 188/3/2 187/2/2 189/2/2 192/3/2
f 185/1/2 186/4/2 191/4/2 190/1/2
f 1328/91/2 1331/88/2 1332/27/2 1327/11/2
f 1333/90/2 1329/17/2 1330/12/2 1334/21/2
f 2183/1/1 2185/2/1 2186/3/1 2184/4/1
f 2188/1/2 2189/4/2 2190/3/2 2187/2/2
f 2184/4/2 2186/3/2 2190/3/2 2189/4/2
f 2185/2/2 2183/1/2 2188/1/2 2187/2/2
f 2186/3/2 2185/2/2 2187/2/2 2190/3/2
f 2191/1/1 2193/2/1 2194/3/1 2192/4/1
f 2196/1/2 2197/4/2 2198/3/2 2195/2/2
f 2192/4/2 2194/3/2 2198/3/2 2197/4/2
f 2193/2/2 2191/1/2 2196/1/2 2195/2/2
f 2194/3/2 2193/2/2 2195/2/2 2198/3/2
f 2191/1/2 2192/4/2 2197/4/2 2196/1/2
f 2199/1/1 2201/2/1 2202/3/1 2200/4/1
f 2204/1/2 2205/4/2 2206/3/2 2203/2/2
f 2200/4/2 2202/3/2 2206/3/2 2205/4/2
f 2201/2/2 2199/1/2 2204/1/2 2203/2/2
f 2202/3/2 2201/2/2 2203/2/2 2206/3/2
f 2199/1/2 2200/4/2 2205/4/2 2204/1/2
f 2207/1/1 2209/2/1 2210/3/1 2208/4/1
f 2212/1/2 2213/4/2 2214/3/2 2211/2/2
f 2208/4/2 2210/3/2 2214/3/2 2213/4/2
f 2209/2/2 2207/1/2 2212/1/2 2211/2/2
f 2210/3/2 2209/2/2 2211/2/2 2214/3/2
f 2207/1/2 2208/4/2 2213/4/2 2212/1/2
f 2215/1/1 2217/2/1 2218/3/1 2216/4/1
f 2220/1/2 2221/4/2 2222/3/2 2219/2/2
f 2216/4/2 2218/3/2 2222/3/2 2221/4/2
f 2217/2/2 2215/1/2 2220/1/2 2219/2/2
f 2218/3/2 2217/2/2 2219/2/2 2222/3/2
f 2215/1/2 2216/4/2 2221/4/2 2220/1/2
f 2223/1/1 2225/2/1 2226/3/1 2224/4/1
f 2228/1/2 2229/4/2 2230/3/2 2227/2/2
f 2224/4/2 2226/3/2 2230/3/2 2229/4/2
f 2225/2/2 2223/1/2 2228/1/2 2227/2/2
f 2226/3/2 2225/2/2 2227/2/2 2230/3/2
f 2223/1/2 2224/4/2 2229/4/2 2228/1/2
f 2231/1/1 2233/2/1 2234/3/1 2232/4/1
f 2236/1/2 2237/4/2 2238/3/2 2235/2/2
f 2232/4/2 2234/3/2 2238/3/2 2237/4/2
f 2233/2/2 2231/1/2 2236/1/2 2235/2/2
f 2234/3/2 2233/2/2 2235/2/2 2238/3/2
f 2231/1/2 2232/4/2 2237/4/2 2236/1/2
f 2239/1/1 2241/2/1 2242/3/1 2240/4/1
f 2244/1/2 2245/4/2 2246/3/2 2243/2/2
f 2240/4/2 2242/3/2 2246/3/2 2245/4/2
f 2241/2/2 2239/1/2 2244/1/2 2243/2/2
f 2242/3/2 2241/2/2 2243/2/2 2246/3/2
f 2239/1/2 2240/4/2 2245/4/2 2244/1/2
f 2247/1/1 2249/2/1 2250/3/1 2248/4/1
f 2252/1/2 2253/4/2 2254/3/2 2251/2/2
f 2248/4/2 2250/3/2 2254/3/2 2253/4/2
f 2249/2/2 2247/1/2 2252/1/2 2251/2/2
f 2250/3/2 2249/2/2 2251/2/2 2254/3/2
f 2247/1/2 2248/4/2 2253/4/2 2252/1/2
f 2255/1/1 2257/2/1 2258/3/1 2256/4/1
f 2260/1/2 2261/4/2 2262/3/2 2259/2/2
f 2256/4/2 2258/3/2 2262/3/2 2261/4/2
f 2257/2/2 2255/1/2 2260/1/2 2259/2/2
f 2258/3/2 2257/2/2 2259/2/2 2262/3/2
f 2255/1/2 2256/4/2 2261/4/2 2260/1/2
f 2263/1/1 2265/2/1 2266/3/1 2264/4/1
f 2268/1/2 2269/4/2 2270/3/2 2267/2/2
f 2264/4/2 2266/3/2 2270/3/2 2269/4/2
f 2265/2/2 2263/1/2 2268/1/2 2267/2/2
f 2266/3/2 2265/2/2 2267/2/2 2270/3/2
f 2263/1/2 2264/4/2 2269/4/2 2268/1/2
f 2271/1/1 2273/2/1 2274/3/1 2272/4/1
f 2276/1/2 2277/4/2 2278/3/2 2275/2/2
f 2272/4/2 2274/3/2 2278/3/2 2277/4/2
f 2273/2/2 2271/1/2 2276/1/2 2275/2/2
f 2274/3/2 2273/2/2 2275/2/2 2278/3/2
f 2271/1/2 2272/4/2 2277/4/2 2276/1/2
f 2279/1/1 2281/2/1 2282/3/1 2280/4/1
f 2284/1/2 2285/4/2 2286/3/2 2283/2/2
f 2280/4/2 2282/3/2 2286/3/2 2285/4/2
f 2281/2/2 2279/1/2 2284/1/2 2283/2/2
f 2282/3/2 2281/2/2 2283/2/2 2286/3/2
f 2279/1/2 2280/4/2 2285/4/2 2284/1/2
f 2287/1/1 2289/2/1 2290/3/1 2288/4/1
f 2292/1/2 2293/4/2 2294/3/2 2291/2/2
f 2288/4/2 2290/3/2 2294/3/2 2293/4/2
f 2289/2/2 2287/1/2 2292/1/2 2291/2/2
f 2290/3/2 2289/2/2 2291/2/2 2294/3/2
f 2287/1/2 2288/4/2 2293/4/2 2292/1/2
f 2295/1/1 2297/2/1 2298/3/1 2296/4/1
f 2300/1/2 2301/4/2 2302/3/2 2299/2/2
f 2296/4/2 2298/3/2 2302/3/2 2301/4/2
f 2297/2/2 2295/1/2 2300/1/2 2299/2/2
f 2298/3/2 2297/2/2 2299/2/2 2302/3/2
f 2295/1/2 2296/4/2 2301/4/2 2300/1/2
f 2303/1/1 2305/2/1 2306/3/1 2304/4/1
f 2308/1/2 2309/4/2 2310/3/2 2307/2/2
f 2304/4/2 2306/3/2 2310/3/2 2309/4/2
f 2305/2/2 2303/1/2 2308/1/2 2307/2/2
f 2306/3/2 2305/2/2 2307/2/2 2310/3/2
f 2303/1/2 2304/4/2 2309/4/2 2308/1/2
f 2311/1/1 2313/2/1 2314/3/1 2312/4/1
f 2316/1/2 2317/4/2 2318/3/2 2315/2/2
f 2312/4/2 2314/3/2 2318/3/2 2317/4/2
f 2313/2/2 2311/1/2 2316/1/2 2315/2/2
f 2314/3/2 2313/2/2 2315/2/2 2318/3/2
f 2311/1/2 2312/4/2 2317/4/2 2316/1/2
f 2319/1/1 2321/2/1 2322/3/1 2320/4/1
f 2324/1/2 2325/4/2 2326/3/2 2323/2/2
f 2320/4/2 2322/3/2 2326/3/2 2325/4/2
f 2321/2/2 2319/1/2 2324/1/2 2323/2/2
f 2322/3/2 2321/2/2 2323/2/2 2326/3/2
f 2319/1/2 2320/4/2 2325/4/2 2324/1/2
f 2327/1/1 2329/2/1 2330/3/1 2328/4/1
f 2332/1/2 2333/4/2 2334/3/2 2331/2/2
f 2328/4/2 2330/3/2 2334/3/2 2333/4/2
f 2329/2/2 2327/1/2 2332/1/2 2331/2/2
f 2330/3/2 2329/2/2 2331/2/2 2334/3/2
f 2327/1/2 2328/4/2 2333/4/2 2332/1/2
f 2335/1/1 2337/2/1 2338/3/1 2336/4/1
f 2340/1/2 2341/4/2 2342/3/2 2339/2/2
f 2336/4/2 2338/3/2 2342/3/2 2341/4/2
f 2337/2/2 2335/1/2 2340/1/2 2339/2/2
f 2338/3/2 2337/2/2 2339/2/2 2342/3/2
f 2335/1/2 2336/4/2 2341/4/2 2340/1/2
f 2343/1/1 2345/2/1 2346/3/1 2344/4/1
f 2348/1/2 2349/4/2 2350/3/2 2347/2/2
f 2344/4/2 2346/3/2 2350/3/2 2349/4/2
f 2345/2/2 2343/1/2 2348/1/2 2347/2/2
f 2346/3/2 2345/2/2 2347/2/2 2350/3/2
f 2343/1/2 2344/4/2 2349/4/2 2348/1/2
f 2351/1/1 2353/2/1 2354/3/1 2352/4/1
f 2356/1/2 2357/4/2 2358/3/2 2355/2/2
f 2352/4/2 2354/3/2 2358/3/2 2357/4/2
f 2353/2/2 2351/1/2 2356/1/2 2355/2/2
f 2354/3/2 2353/2/2 2355/2/2 2358/3/2
f 2351/1/2 2352/4/2 2357/4/2 2356/1/2
f 2359/1/1 2361/2/1 2362/3/1 2360/4/1
f 2364/1/2 2365/4/2 2366/3/2 2363/2/2
f 2360/4/2 2362/3/2 2366/3/2 2365/4/2
f 2361/2/2 2359/1/2 2364/1/2 2363/2/2
f 2362/3/2 2361/2/2 2363/2/2 2366/3/2
f 2359/1/2 2360/4/2 2365/4/2 2364/1/2
f 2367/1/1 2369/2/1 2370/3/1 2368/4/1
f 2372/1/2 2373/4/2 2374/3/2 2371/2/2
f 2368/4/2 2370/3/2 2374/3/2 2373/4/2
f 2369/2/2 2367/1/2 2372/1/2 2371/2/2
f 2370/3/2 2369/2/2 2371/2/2 2374/3/2
f 2367/1/2 2368/4/2 2373/4/2 2372/1/2
f 2375/1/1 2377/2/1 2378/3/1 2376/4/1
f 2380/1/2 2381/4/2 2382/3/2 2379/2/2
f 2376/4/2 2378/3/2 2382/3/2 2381/4/2
f 2377/2/2 2375/1/2 2380/1/2 2379/2/2
f 2378/3/2 2377/2/2 2379/2/2 2382/3/2
f 2375/1/2 2376/4/2 2381/4/2 2380/1/2
f 2383/1/1 2385/2/1 2386/3/1 2384/4/1
f 2388/1/2 2389/4/2 2390/3/2 2387/2/2
f 2384/4/2 2386/3/2 2390/3/2 2389/4/2
f 2385/2/2 2383/1/2 2388/1/2 2387/2/2
f 2386/3/2 2385/2/2 2387/2/2 2390/3/2
f 2383/1/2 2384/4/2 2389/4/2 2388/1/2
f 2391/1/1 2393/2/1 2394/3/1 2392/4/1
f 2396/1/2 2397/4/2 2398/3/2 2395/2/2
f 2392/4/2 2394/3/2 2398/3/2 2397/4/2
f 2393/2/2 2391/1/2 2396/1/2 2395/2/2
f 2394/3/2 2393/2/2 2395/2/2 2398/3/2
f 2391/1/2 2392/4/2 2397/4/2 2396/1/2
f 2399/1/1 2401/2/1 2402/3/1 2400/4/1
f 2404/1/2 2405/4/2 2406/3/2 2403/2/2
f 2400/4/2 2402/3/2 2406/3/2 2405/4/2
f 2401/2/2 2399/1/2 2404/1/2 2403/2/2
f 2402/3/2 2401/2/2 2403/2/2 2406/3/2
f 2399/1/2 2400/4/2 2405/4/2 2404/1/2
f 2407/1/1 2409/2/1 2410/3/1 2408/4/1
f 2412/1/2 2413/4/2 2414/3/2 2411/2/2
f 2408/4/2 2410/3/2 2414/3/2 2413/4/2
f 2409/2/2 2407/1/2 2412/1/2 2411/2/2
f 2410/3/2 2409/2/2 2411/2/2 2414/3/2
f 2407/1/2 2408/4/2 2413/4/2 2412/1/2
f 2415/1/1 2417/2/1 2418/3/1 2416/4/1
f 2420/1/2 2421/4/2 2422/3/2 2419/2/2
f 2416/4/2 2418/3/2 2422/3/2 2421/4/2
f 2417/2/2 2415/1/2 2420/1/2 2419/2/2
f 2418/3/2 2417/2/2 2419/2/2 2422/3/2
f 2415/1/2 2416/4/2 2421/4/2 2420/1/2
f 2423/1/1 2425/2/1 2426/3/1 2424/4/1
f 2428/1/2 2429/4/2 2430/3/2 2427/2/2
f 2424/4/2 2426/3/2 2430/3/2 2429/4/2
f 2425/2/2 2423/1/2 2428/1/2 2427/2/2
f 2426/3/2 2425/2/2 2427/2/2 2430/3/2
f 2423/1/2 2424/4/2 2429/4/2 2428/1/2
f 2431/1/1 2433/2/1 2434/3/1 2432/4/1
f 2436/1/2 2437/4/2 2438/3/2 2435/2/2
f 2432/4/2 2434/3/2 2438/3/2 2437/4/2
f 2433/2/2 2431/1/2 2436/1/2 2435/2/2
f 2434/3/2 2433/2/2 2435/2/2 2438/3/2
f 2431/1/2 2432/4/2 2437/4/2 2436/1/2
f 2439/1/1 2441/2/1 2442/3/1 2440/4/1
f 2444/1/2 2445/4/2 2446/3/2 2443/2/2
f 2440/4/2 2442/3/2 2446/3/2 2445/4/2
f 2441/2/2 2439/1/2 2444/1/2 2443/2/2
f 2442/3/2 2441/2/2 2443/2/2 2446/3/2
f 2439/1/2 2440/4/2 2445/4/2 2444/1/2
f 2447/1/1 2449/2/1 2450/3/1 2448/4/1
f 2452/1/2 2453/4/2 2454/3/2 2451/2/2
f 2448/4/2 2450/3/2 2454/3/2 2453/4/2
f 2449/2/2 2447/1/2 2452/1/2 2451/2/2
f 2450/3/2 2449/2/2 2451/2/2 2454/3/2
f 2447/1/2 2448/4/2 2453/4/2 2452/1/2
f 2455/1/1 2457/2/1 2458/3/1 2456/4/1
f 2460/1/2 2461/4/2 2462/3/2 2459/2/2
f 2456/4/2 2458/3/2 2462/3/2 2461/4/2
f 2457/2/2 2455/1/2 2460/1/2 2459/2/2
f 2458/3/2 2457/2/2 2459/2/2 2462/3/2
f 2455/1/2 2456/4/2 2461/4/2 2460/1/2
f 2463/1/1 2465/2/1 2466/3/1 2464/4/1
f 2468/1/2 2469/4/2 2470/3/2 2467/2/2
f 2464/4/2 2466/3/2 2470/3/2 2469/4/2
f 2465/2/2 2463/1/2 2468/1/2 2467/2/2
f 2466/3/2 2465/2/2 2467/2/2 2470/3/2
f 2463/1/2 2464/4/2 2469/4/2 2468/1/2
f 2471/1/1 2473/2/1 2474/3/1 2472/4/1
f 2476/1/2 2477/4/2 2478/3/2 2475/2/2
f 2472/4/2 2474/3/2 2478/3/2 2477/4/2
f 2473/2/2 2471/1/2 2476/1/2 2475/2/2
f 2474/3/2 2473/2/2 2475/2/2 2478/3/2
f 2471/1/2 2472/4/2 2477/4/2 2476/1/2
f 2479/1/1 2481/2/1 2482/3/1 2480/4/1
f 2484/1/2 2485/4/2 2486/3/2 2483/2/2
f 2480/4/2 2482/3/2 2486/3/2 2485/4/2
f 2481/2/2 2479/1/2 2484/1/2 2483/2/2
f 2482/3/2 2481/2/2 2483/2/2 2486/3/2
f 2479/1/2 2480/4/2 2485/4/2 2484/1/2
f 2487/1/1 2489/2/1 2490/3/1 2488/4/1
f 2492/1/2 2493/4/2 2494/3/2 2491/2/2
f 2488/4/2 2490/3/2 2494/3/2 2493/4/2
f 2489/2/2 2487/1/2 2492/1/2 2491/2/2
f 2490/3/2 2489/2/2 2491/2/2 2494/3/2
f 2487/1/2 2488/4/2 2493/4/2 2492/1/2
f 2495/1/1 2497/2/1 2498/3/1 2496/4/1
f 2500/1/2 2501/4/2 2502/3/2 2499/2/2
f 2496/4/2 2498/3/2 2502/3/2 2501/4/2
f 2497/2/2 2495/1/2 2500/1/2 2499/2/2
f 2498/3/2 2497/2/2 2499/2/2 2502/3/2
f 2495/1/2 2496/4/2 2501/4/2 2500/1/2
f 2503/1/1 2505/2/1 2506/3/1 2504/4/1
f 2508/1/2 2509/4/2 2510/3/2 2507/2/2
f 2504/4/2 2506/3/2 2510/3/2 2509/4/2
f 2505/2/2 2503/1/2 2508/1/2 2507/2/2
f 2506/3/2 2505/2/2 2507/2/2 2510/3/2
f 2503/1/2 2504/4/2 2509/4/2 2508/1/2
f 2511/1/1 2513/2/1 2514/3/1 2512/4/1
f 2516/1/2 2517/4/2 2518/3/2 2515/2/2
f 2512/4/2 2514/3/2 2518/3/2 2517/4/2
f 2513/2/2 2511/1/2 2516/1/2 2515/2/2
f 2514/3/2 2513/2/2 2515/2/2 2518/3/2
f 2511/1/2 2512/4/2 2517/4/2 2516/1/2
f 2519/1/1 2521/2/1 2522/3/1 2520/4/1
f 2524/1/2 2525/4/2 2526/3/2 2523/2/2
f 2520/4/2 2522/3/2 2526/3/2 2525/4/2
f 2521/2/2 2519/1/2 2524/1/2 2523/2/2
f 2522/3/2 2521/2/2 2523/2/2 2526/3/2
f 2519/1/2 2520/4/2 2525/4/2 2524/1/2
f 2527/1/1 2529/2/1 2530/3/1 2528/4/1
f 2532/1/2 2533/4/2 2534/3/2 2531/2/2
f 2528/4/2 2530/3/2 2534/3/2 2533/4/2
f 2529/2/2 2527/1/2 2532/1/2 2531/2/2
f 2530/3/2 2529/2/2 2531/2/2 2534/3/2
f 2527/1/2 2528/4/2 2533/4/2 2532/1/2
f 2535/1/1 2537/2/1 2538/3/1 2536/4/1
f 2540/1/2 2541/4/2 2542/3/2 2539/2/2
f 2536/4/2 2538/3/2 2542/3/2 2541/4/2
f 2537/2/2 2535/1/2 2540/1/2 2539/2/2
f 2538/3/2 2537/2/2 2539/2/2 2542/3/2
f 2535/1/2 2536/4/2 2541/4/2 2540/1/2
f 2543/1/1 2545/2/1 2546/3/1 2544/4/1
f 2548/1/2 2549/4/2 2550/3/2 2547/2/2
f 2544/4/2 2546/3/2 2550/3/2 2549/4/2
f 2545/2/2 2543/1/2 2548/1/2 2547/2/2
f 2546/3/2 2545/2/2 2547/2/2 2550/3/2
f 2543/1/2 2544/4/2 2549/4/2 2548/1/2
f 2551/1/1 2553/2/1 2554/3/1 2552/4/1
f 2556/1/2 2557/4/2 2558/3/2 2555/2/2
f 2552/4/2 2554/3/2 2558/3/2 2557/4/2
f 2553/2/2 2551/1/2 2556/1/2 2555/2/2
f 2554/3/2 2553/2/2 2555/2/2 2558/3/2
f 2551/1/2 2552/4/2 2557/4/2 2556/1/2
f 2559/1/1 2561/2/1 2562/3/1 2560/4/1
f 2564/1/2 2565/4/2 2566/3/2 2563/2/2
f 2560/4/2 2562/3/2 2566/3/2 2565/4/2
f 2561/2/2 2559/1/2 2564/1/2 2563/2/2
f 2562/3/2 2561/2/2 2563/2/2 2566/3/2
f 2559/1/2 2560/4/2 2565/4/2 2564/1/2
f 2567/1/1 2569/2/1 2570/3/1 2568/4/1
f 2572/1/2 2573/4/2 2574/3/2 2571/2/2
f 2568/4/2 2570/3/2 2574/3/2 2573/4/2
f 2569/2/2 2567/1/2 2572/1/2 2571/2/2
f 2570/3/2 2569/2/2 2571/2/2 2574/3/2
f 2567/1/2 2568/4/2 2573/4/2 2572/1/2
f 2575/1/1 2577/2/1 2578/3/1 2576/4/1
f 2580/1/2 2581/4/2 2582/3/2 2579/2/2
f 2576/4/2 2578/3/2 2582/3/2 2581/4/2
f 2577/2/2 2575/1/2 2580/1/2 2579/2/2
f 2578/3/2 2577/2/2 2579/2/2 2582/3/2
f 2575/1/2 2576/4/2 2581/4/2 2580/1/2
f 2583/1/1 2585/2/1 2586/3/1 2584/4/1
f 2588/1/2 2589/4/2 2590/3/2 2587/2/2
f 2584/4/2 2586/3/2 2590/3/2 2589/4/2
f 2585/2/2 2583/1/2 2588/1/2 2587/2/2
f 2586/3/2 2585/2/2 2587/2/2 2590/3/2
f 2583/1/2 2584/4/2 2589/4/2 2588/1/2
f 2591/1/1 2593/2/1 2594/3/1 2592/4/1
f 2596/1/2 2597/4/2 2598/3/2 2595/2/2
f 2592/4/2 2594/3/2 2598/3/2 2597/4/2
f 2593/2/2 2591/1/2 2596/1/2 2595/2/2
f 2594/3/2 2593/2/2 2595/2/2 2598/3/2
f 2591/1/2 2592/4/2 2597/4/2 2596/1/2
f 2599/1/1 2601/2/1 2602/3/1 2600/4/1
f 2604/1/2 2605/4/2 2606/3/2 2603/2/2
f 2600/4/2 2602/3/2 2606/3/2 2605/4/2
f 2601/2/2 2599/1/2 2604/1/2 2603/2/2
f 2602/3/2 2601/2/2 2603/2/2 2606/3/2
f 2599/1/2 2600/4/2 2605/4/2 2604/1/2
f 2607/1/1 2609/2/1 2610/3/1 2608/4/1
f 2612/1/2 2613/4/2 2614/3/2 2611/2/2
f 2608/4/2 2610/3/2 2614/3/2 2613/4/2
f 2609/2/2 2607/1/2 2612/1/2 2611/2/2
f 2610/3/2 2609/2/2 2611/2/2 2614/3/2
f 2607/1/2 2608/4/2 2613/4/2 2612/1/2
f 2615/1/1 2617/2/1 2618/3/1 2616/4/1
f 2620/1/2 2621/4/2 2622/3/2 2619/2/2
f 2616/4/2 2618/3/2 2622/3/2 2621/4/2
f 2617/2/2 2615/1/2 2620/1/2 2619/2/2
f 2618/3/2 2617/2/2 2619/2/2 2622/3/2
f 2615/1/2 2616/4/2 2621/4/2 2620/1/2
f 2623/1/1 2625/2/1 2626/3/1 2624/4/1
f 2628/1/2 2629/4/2 2630/3/2 2627/2/2
f 2624/4/2 2626/3/2 2630/3/2 2629/4/2
f 2625/2/2 2623/1/2 2628/1/2 2627/2/2
f 2626/3/2 2625/2/2 2627/2/2 2630/3/2
f 2623/1/2 2624/4/2 2629/4/2 2628/1/2
f 2631/1/1 2633/2/1 2634/3/1 2632/4/1
f 2636/1/2 2637/4/2 2638/3/2 2635/2/2
f 2632/4/2 2634/3/2 2638/3/2 2637/4/2
f 2633/2/2 2631/1/2 2636/1/2 2635/2/2
f 2634/3/2 2633/2/2 2635/2/2 2638/3/2
f 2631/1/2 2632/4/2 2637/4/2 2636/1/2
f 2639/1/1 2641/2/1 2642/3/1 2640/4/1
f 2644/1/2 2645/4/2 2646/3/2 2643/2/2
f 2640/4/2 2642/3/2 2646/3/2 2645/4/2
f 2641/2/2 2639/1/2 2644/1/2 2643/2/2
f 2642/3/2 2641/2/2 2643/2/2 2646/3/2
f 2639/1/2 2640/4/2 2645/4/2 2644/1/2
f 2647/1/1 2649/2/1 2650/3/1 2648/4/1
f 2652/1/2 2653/4/2 2654/3/2 2651/2/2
f 2648/4/2 2650/3/2 2654/3/2 2653/4/2
f 2649/2/2 2647/1/2 2652/1/2 2651/2/2
f 2650/3/2 2649/2/2 2651/2/2 2654/3/2
f 2647/1/2 2648/4/2 2653/4/2 2652/1/2
f 2655/1/1 2657/2/1 2658/3/1 2656/4/1
f 2660/1/2 2661/4/2 2662/3/2 2659/2/2
f 2656/4/2 2658/3/2 2662/3/2 2661/4/2
f 2657/2/2 2655/1/2 2660/1/2 2659/2/2
f 2658/3/2 2657/2/2 2659/2/2 2662/3/2
f 2655/1/2 2656/4/2 2661/4/2 2660/1/2
f 2663/1/1 2665/2/1 2666/3/1 2664/4/1
f 2668/1/2 2669/4/2 2670/3/2 2667/2/2
f 2664/4/2 2666/3/2 2670/3/2 2669/4/2
f 2665/2/2 2663/1/2 2668/1/2 2667/2/2
f 2666/3/2 2665/2/2 2667/2/2 2670/3/2
f 2663/1/2 2664/4/2 2669/4/2 2668/1/2
f 2671/1/1 2673/2/1 2674/3/1 2672/4/1
f 2676/1/2 2677/4/2 2678/3/2 2675/2/2
f 2672/4/2 2674/3/2 2678/3/2 2677/4/2
f 2673/2/2 2671/1/2 2676/1/2 2675/2/2
f 2674/3/2 2673/2/2 2675/2/2 2678/3/2
f 2671/1/2 2672/4/2 2677/4/2 2676/1/2
f 2679/1/1 2681/2/1 2682/3/1 2680/4/1
f 2684/1/2 2685/4/2 2686/3/2 2683/2/2
f 2680/4/2 2682/3/2 2686/3/2 2685/4/2
f 2681/2/2 2679/1/2 2684/1/2 2683/2/2
f 2682/3/2 2681/2/2 2683/2/2 2686/3/2
f 2679/1/2 2680/4/2 2685/4/2 2684/1/2
f 2687/1/1 2689/2/1 2690/3/1 2688/4/1
f 2692/1/2 2693/4/2 2694/3/2 2691/2/2
f 2688/4/2 2690/3/2 2694/3/2 2693/4/2
f 2689/2/2 2687/1/2 2692/1/2 2691/2/2
f 2690/3/2 2689/2/2 2691/2/2 2694/3/2
f 2687/1/2 2688/4/2 2693/4/2 2692/1/2
f 2695/1/1 2697/2/1 2698/3/1 2696/4/1
f 2700/1/2 2701/4/2 2702/3/2 2699/2/2
f 2696/4/2 2698/3/2 2702/3/2 2701/4/2
f 2697/2/2 2695/1/2 2700/1/2 2699/2/2
f 2698/3/2 2697/2/2 2699/2/2 2702/3/2
f 2695/1/2 2696/4/2 2701/4/2 2700/1/2
f 2703/1/1 2705/2/1 2706/3/1 2704/4/1
f 2708/1/2 2709/4/2 2710/3/2 2707/2/2
f 2704/4/2 2706/3/2 2710/3/2 2709/4/2
f 2705/2/2 2703/1/2 2708/1/2 2707/2/2
f 2706/3/2 2705/2/2 2707/2/2 2710/3/2
f 2703/1/2 2704/4/2 2709/4/2 2708/1/2
f 2711/1/1 2713/2/1 2714/3/1 2712/4/1
f 2716/1/2 2717/4/2 2718/3/2 2715/2/2
f 2712/4/2 2714/3/2 2718/3/2 2717/4/2
f 2713/2/2 2711/1/2 2716/1/2 2715/2/2
f 2714/3/2 2713/2/2 2715/2/2 2718/3/2
f 2711/1/2 2712/4/2 2717/4/2 2716/1/2
f 2719/1/1 2721/2/1 2722/3/1 2720/4/1
f 2724/1/2 2725/4/2 2726/3/2 2723/2/2
f 2720/4/2 2722/3/2 2726/3/2 2725/4/2
f 2721/2/2 2719/1/2 2724/1/2 2723/2/2
f 2722/3/2 2721/2/2 2723/2/2 2726/3/2
f 2719/1/2 2720/4/2 2725/4/2 2724/1/2
f 2727/1/1 2729/2/1 2730/3/1 2728/4/1
f 2732/1/2 2733/4/2 2734/3/2 2731/2/2
f 2728/4/2 2730/3/2 2734/3/2 2733/4/2
f 2729/2/2 2727/1/2 2732/1/2 2731/2/2
f 2730/3/2 2729/2/2 2731/2/2 2734/3/2
f 2727/1/2 2728/4/2 2733/4/2 2732/1/2
f 2735/1/1 2737/2/1 2738/3/1 2736/4/1
f 2740/1/2 2741/4/2 2742/3/2 2739/2/2
f 2736/4/2 2738/3/2 2742/3/2 2741/4/2
f 2737/2/2 2735/1/2 2740/1/2 2739/2/2
f 2738/3/2 2737/2/2 2739/2/2 2742/3/2
f 2735/1/2 2736/4/2 2741/4/2 2740/1/2
f 2743/1/1 2745/2/1 2746/3/1 2744/4/1
f 2748/1/2 2749/4/2 2750/3/2 2747/2/2
f 2744/4/2 2746/3/2 2750/3/2 2749/4/2
f 2745/2/2 2743/1/2 2748/1/2 2747/2/2
f 2746/3/2 2745/2/2 2747/2/2 2750/3/2
f 2743/1/2 2744/4/2 2749/4/2 2748/1/2
f 2751/1/1 2753/2/1 2754/3/1 2752/4/1
f 2756/1/2 2757/4/2 2758/3/2 2755/2/2
f 2752/4/2 2754/3/2 2758/3/2 2757/4/2
f 2753/2/2 2751/1/2 2756/1/2 2755/2/2
f 2754/3/2 2753/2/2 2755/2/2 2758/3/2
f 2751/1/2 2752/4/2 2757/4/2 2756/1/2
f 2759/1/1 2761/2/1 2762/3/1 2760/4/1
f 2764/1/2 2765/4/2 2766/3/2 2763/2/2
f 2760/4/2 2762/3/2 2766/3/2 2765/4/2
f 2761/2/2 2759/1/2 2764/1/2 2763/2/2
f 2762/3/2 2761/2/2 2763/2/2 2766/3/2
f 2759/1/2 2760/4/2 2765/4/2 2764/1/2
f 2767/1/1 2769/2/1 2770/3/1 2768/4/1
f 2772/1/2 2773/4/2 2774/3/2 2771/2/2
f 2768/4/2 2770/3/2 2774/3/2 2773/4/2
f 2769/2/2 2767/1/2 2772/1/2 2771/2/2
f 2770/3/2 2769/2/2 2771/2/2 2774/3/2
f 2767/1/2 2768/4/2 2773/4/2 2772/1/2
f 2775/1/1 2777/2/1 2778/3/1 2776/4/1
f 2780/1/2 2781/4/2 2782/3/2 2779/2/2
f 2776/4/2 2778/3/2 2782/3/2 2781/4/2
f 2777/2/2 2775/1/2 2780/1/2 2779/2/2
f 2778/3/2 2777/2/2 2779/2/2 2782/3/2
f 2775/1/2 2776/4/2 2781/4/2 2780/1/2
f 2783/1/1 2785/2/1 2786/3/1 2784/4/1
f 2788/1/2 2789/4/2 2790/3/2 2787/2/2
f 2784/4/2 2786/3/2 2790/3/2 2789/4/2
f 2785/2/2 2783/1/2 2788/1/2 2787/2/2
f 2786/3/2 2785/2/2 2787/2/2 2790/3/2
f 2783/1/2 2784/4/2 2789/4/2 2788/1/2
f 2791/1/1 2793/2/1 2794/3/1 2792/4/1
f 2796/1/2 2797/4/2 2798/3/2 2795/2/2
f 2792/4/2 2794/3/2 2798/3/2 2797/4/2
f 2793/2/2 2791/1/2 2796/1/2 2795/2/2
f 2794/3/2 2793/2/2 2795/2/2 2798/3/2
f 2791/1/2 2792/4/2 2797/4/2 2796/1/2
f 2799/1/1 2801/2/1 2802/3/1 2800/4/1
f 2804/1/2 2805/4/2 2806/3/2 2803/2/2
f 2800/4/2 2802/3/2 2806/3/2 2805/4/2
f 2801/2/2 2799/1/2 2804/1/2 2803/2/2
f 2802/3/2 2801/2/2 2803/2/2 2806/3/2
f 2799/1/2 2800/4/2 2805/4/2 2804/1/2
f 2807/1/1 2809/2/1 2810/3/1 2808/4/1
f 2812/1/2 2813/4/2 2814/3/2 2811/2/2
f 2808/4/2 2810/3/2 2814/3/2 2813/4/2
f 2809/2/2 2807/1/2 2812/1/2 2811/2/2
f 2810/3/2 2809/2/2 2811/2/2 2814/3/2
f 2807/1/2 2808/4/2 2813/4/2 2812/1/2
f 2815/1/1 2817/2/1 2818/3/1 2816/4/1
f 2820/1/2 2821/4/2 2822/3/2 2819/2/2
f 2816/4/2 2818/3/2 2822/3/2 2821/4/2
f 2817/2/2 2815/1/2 2820/1/2 2819/2/2
f 2818/3/2 2817/2/2 2819/2/2 2822/3/2
f 2815/1/2 2816/4/2 2821/4/2 2820/1/2
f 2823/1/1 2825/2/1 2826/3/1 2824/4/1
f 2828/1/2 2829/4/2 2830/3/2 2827/2/2
f 2824/4/2 2826/3/2 2830/3/2 2829/4/2
f 2825/2/2 2823/1/2 2828/1/2 2827/2/2
f 2826/3/2 2825/2/2 2827/2/2 2830/3/2
f 2823/1/2 2824/4/2 2829/4/2 2828/1/2
f 2831/1/1 2833/2/1 2834/3/1 2832/4/1
f 2836/1/2 2837/4/2 2838/3/2 2835/2/2
f 2832/4/2 2834/3/2 2838/3/2 2837/4/2
f 2833/2/2 2831/1/2 2836/1/2 2835/2/2
f 2834/3/2 2833/2/2 2835/2/2 2838/3/2
f 2831/1/2 2832/4/2 2837/4/2 2836/1/2
f 2839/1/1 2841/2/1 2842/3/1 2840/4/1
f 2844/1/2 2845/4/2 2846/3/2 2843/2/2
f 2840/4/2 2842/3/2 2846/3/2 2845/4/2
f 2841/2/2 2839/1/2 2844/1/2 2843/2/2
f 2842/3/2 2841/2/2 2843/2/2 2846/3/2
f 2839/1/2 2840/4/2 2845/4/2 2844/1/2
f 2847/1/1 2849/2/1 2850/3/1 2848/4/1
f 2852/1/2 2853/4/2 2854/3/2 2851/2/2
f 2848/4/2 2850/3/2 2854/3/2 2853/4/2
f 2849/2/2 2847/1/2 2852/1/2 2851/2/2
f 2850/3/2 2849/2/2 2851/2/2 2854/3/2
f 2847/1/2 2848/4/2 2853/4/2 2852/1/2
f 2855/1/1 2857/2/1 2858/3/1 2856/4/1
f 2856/4/2 2858/3/2 2862/3/2 2861/4/2
f 2857/2/2 2855/1/2 2860/1/2 2859/2/2
f 2858/3/2 2857/2/2 2859/2/2 2862/3/2
f 2855/1/2 2856/4/2 2861/4/2 2860/1/2
f 2863/1/1 2865/2/1 2866/3/1 2864/4/1
f 2868/1/2 2869/4/2 2870/3/2 2867/2/2
f 2864/4/2 2866/3/2 2870/3/2 2869/4/2
f 2865/2/2 2863/1/2 2868/1/2 2867/2/2
f 2866/3/2 2865/2/2 2867/2/2 2870/3/2
f 2863/1/2 2864/4/2 2869/4/2 2868/1/2
f 2871/1/1 2873/2/1 2874/3/1 2872/4/1
f 2876/1/2 2877/4/2 2878/3/2 2875/2/2
f 2872/4/2 2874/3/2 2878/3/2 2877/4/2
f 2873/2/2 2871/1/2 2876/1/2 2875/2/2
f 2874/3/2 2873/2/2 2875/2/2 2878/3/2
f 2871/1/2 2872/4/2 2877/4/2 2876/1/2
f 2879/1/1 2881/2/1 2882/3/1 2880/4/1
f 2884/1/2 2885/4/2 2886/3/2 2883/2/2
f 2880/4/2 2882/3/2 2886/3/2 2885/4/2
f 2881/2/2 2879/1/2 2884/1/2 2883/2/2
f 2882/3/2 2881/2/2 2883/2/2 2886/3/2
f 2879/1/2 2880/4/2 2885/4/2 2884/1/2
f 2887/1/1 2889/2/1 2890/3/1 2888/4/1
f 2892/1/2 2893/4/2 2894/3/2 2891/2/2
f 2888/4/2 2890/3/2 2894/3/2 2893/4/2
f 2889/2/2 2887/1/2 2892/1/2 2891/2/2
f 2890/3/2 2889/2/2 2891/2/2 2894/3/2
f 2887/1/2 2888/4/2 2893/4/2 2892/1/2
f 2895/1/1 2897/2/1 2898/3/1 2896/4/1
f 2900/1/2 2901/4/2 2902/3/2 2899/2/2
f 2896/4/2 2898/3/2 2902/3/2 2901/4/2
f 2897/2/2 2895/1/2 2900/1/2 2899/2/2
f 2898/3/2 2897/2/2 2899/2/2 2902/3/2
f 2895/1/2 2896/4/2 2901/4/2 2900/1/2
f 2903/1/1 2905/2/1 2906/3/1 2904/4/1
f 2908/1/2 2909/4/2 2910/3/2 2907/2/2
f 2904/4/2 2906/3/2 2910/3/2 2909/4/2
f 2905/2/2 2903/1/2 2908/1/2 2907/2/2
f 2906/3/2 2905/2/2 2907/2/2 2910/3/2
f 2903/1/2 2904/4/2 2909/4/2 2908/1/2
f 2911/1/1 2913/2/1 2914/3/1 2912/4/1
f 2916/1/2 2917/4/2 2918/3/2 2915/2/2
f 2912/4/2 2914/3/2 2918/3/2 2917/4/2
f 2913/2/2 2911/1/2 2916/1/2 2915/2/2
f 2914/3/2 2913/2/2 2915/2/2 2918/3/2
f 2911/1/2 2912/4/2 2917/4/2 2916/1/2
f 2919/1/1 2921/2/1 2922/3/1 2920/4/1
f 2924/1/2 2925/4/2 2926/3/2 2923/2/2
f 2920/4/2 2922/3/2 2926/3/2 2925/4/2
f 2921/2/2 2919/1/2 2924/1/2 2923/2/2
f 2922/3/2 2921/2/2 2923/2/2 2926/3/2
f 2919/1/2 2920/4/2 2925/4/2 2924/1/2
f 2927/1/1 2929/2/1 2930/3/1 2928/4/1
f 2932/1/2 2933/4/2 2934/3/2 2931/2/2
f 2928/4/2 2930/3/2 2934/3/2 2933/4/2
f 2929/2/2 2927/1/2 2932/1/2 2931/2/2
f 2930/3/2 2929/2/2 2931/2/2 2934/3/2
f 2927/1/2 2928/4/2 2933/4/2 2932/1/2
f 2935/1/1 2937/2/1 2938/3/1 2936/4/1
f 2940/1/2 2941/4/2 2942/3/2 2939/2/2
f 2936/4/2 2938/3/2 2942/3/2 2941/4/2
f 2937/2/2 2935/1/2 2940/1/2 2939/2/2
f 2938/3/2 2937/2/2 2939/2/2 2942/3/2
f 2935/1/2 2936/4/2 2941/4/2 2940/1/2
f 2943/1/1 2945/2/1 2946/3/1 2944/4/1
f 2948/1/2 2949/4/2 2950/3/2 2947/2/2
f 2944/4/2 2946/3/2 2950/3/2 2949/4/2
f 2945/2/2 2943/1/2 2948/1/2 2947/2/2
f 2946/3/2 2945/2/2 2947/2/2 2950/3/2
f 2943/1/2 2944/4/2 2949/4/2 2948/1/2
f 2951/1/1 2953/2/1 2954/3/1 2952/4/1
f 2952/4/2 2954/3/2 2958/3/2 2957/4/2
f 2953/2/2 2951/1/2 2956/1/2 2955/2/2
f 2954/3/2 2953/2/2 2955/2/2 2958/3/2
f 2951/1/2 2952/4/2 2957/4/2 2956/1/2
f 2959/1/1 2961/2/1 2962/3/1 2960/4/1
f 2964/1/2 2965/4/2 2966/3/2 2963/2/2
f 2960/4/2 2962/3/2 2966/3/2 2965/4/2
f 2961/2/2 2959/1/2 2964/1/2 2963/2/2
f 2962/3/2 2961/2/2 2963/2/2 2966/3/2
f 2959/1/2 2960/4/2 2965/4/2 2964/1/2
f 2967/1/1 2969/2/1 2970/3/1 2968/4/1
f 2972/1/2 2973/4/2 2974/3/2 2971/2/2
f 2968/4/2 2970/3/2 2974/3/2 2973/4/2
f 2969/2/2 2967/1/2 2972/1/2 2971/2/2
f 2970/3/2 2969/2/2 2971/2/2 2974/3/2
f 2967/1/2 2968/4/2 2973/4/2 2972/1/2
f 2975/1/1 2977/2/1 2978/3/1 2976/4/1
f 2980/1/2 2981/4/2 2982/3/2 2979/2/2
f 2976/4/2 2978/3/2 2982/3/2 2981/4/2
f 2977/2/2 2975/1/2 2980/1/2 2979/2/2
f 2978/3/2 2977/2/2 2979/2/2 2982/3/2
f 2975/1/2 2976/4/2 2981/4/2 2980/1/2
f 2983/1/1 2985/2/1 2986/3/1 2984/4/1
f 2988/1/2 2989/4/2 2990/3/2 2987/2/2
f 2984/4/2 2986/3/2 2990/3/2 2989/4/2
f 2985/2/2 2983/1/2 2988/1/2 2987/2/2
f 2986/3/2 2985/2/2 2987/2/2 2990/3/2
f 2983/1/2 2984/4/2 2989/4/2 2988/1/2
f 2991/1/1 2993/2/1 2994/3/1 2992/4/1
f 2996/1/2 2997/4/2 2998/3/2 2995/2/2
f 2992/4/2 2994/3/2 2998/3/2 2997/4/2
f 2993/2/2 2991/1/2 2996/1/2 2995/2/2
f 2994/3/2 2993/2/2 2995/2/2 2998/3/2
f 2991/1/2 2992/4/2 2997/4/2 2996/1/2
f 2999/1/1 3001/2/1 3002/3/1 3000/4/1
f 3004/1/2 3005/4/2 3006/3/2 3003/2/2
f 3000/4/2 3002/3/2 3006/3/2 3005/4/2
f 3001/2/2 2999/1/2 3004/1/2 3003/2/2
f 3002/3/2 3001/2/2 3003/2/2 3006/3/2
f 2999/1/2 3000/4/2 3005/4/2 3004/1/2
f 3007/1/1 3009/2/1 3010/3/1 3008/4/1
f 3012/1/2 3013/4/2 3014/3/2 3011/2/2
f 3008/4/2 3010/3/2 3014/3/2 3013/4/2
f 3009/2/2 3007/1/2 3012/1/2 3011/2/2
f 3010/3/2 3009/2/2 3011/2/2 3014/3/2
f 3007/1/2 3008/4/2 3013/4/2 3012/1/2
f 3015/1/1 3017/2/1 3018/3/1 3016/4/1
f 3020/1/2 3021/4/2 3022/3/2 3019/2/2
f 3016/4/2 3018/3/2 3022/3/2 3021/4/2
f 3017/2/2 3015/1/2 3020/1/2 3019/2/2
f 3018/3/2 3017/2/2 3019/2/2 3022/3/2
f 3015/1/2 3016/4/2 3021/4/2 3020/1/2
f 3023/1/1 3025/2/1 3026/3/1 3024/4/1
f 3028/1/2 3029/4/2 3030/3/2 3027/2/2
f 3024/4/2 3026/3/2 3030/3/2 3029/4/2
f 3025/2/2 3023/1/2 3028/1/2 3027/2/2
f 3026/3/2 3025/2/2 3027/2/2 3030/3/2
f 3023/1/2 3024/4/2 3029/4/2 3028/1/2
f 3031/1/1 3033/2/1 3034/3/1 3032/4/1
f 3036/1/2 3037/4/2 3038/3/2 3035/2/2
f 3032/4/2 3034/3/2 3038/3/2 3037/4/2
f 3033/2/2 3031/1/2 3036/1/2 3035/2/2
f 3034/3/2 3033/2/2 3035/2/2 3038/3/2
f 3031/1/2 3032/4/2 3037/4/2 3036/1/2
f 3039/1/1 3041/2/1 3042/3/1 3040/4/1
f 3044/1/2 3045/4/2 3046/3/2 3043/2/2
f 3040/4/2 3042/3/2 3046/3/2 3045/4/2
f 3041/2/2 3039/1/2 3044/1/2 3043/2/2
f 3042/3/2 3041/2/2 3043/2/2 3046/3/2
f 3039/1/2 3040/4/2 3045/4/2 3044/1/2
f 3047/1/1 3049/2/1 3050/3/1 3048/4/1
f 3052/1/2 3053/4/2 3054/3/2 3051/2/2
f 3048/4/2 3050/3/2 3054/3/2 3053/4/2
f 3049/2/2 3047/1/2 3052/1/2 3051/2/2
f 3050/3/2 3049/2/2 3051/2/2 3054/3/2
f 3047/1/2 3048/4/2 3053/4/2 3052/1/2
f 3055/1/1 3057/2/1 3058/3/1 3056/4/1
f 3060/1/2 3061/4/2 3062/3/2 3059/2/2
f 3056/4/2 3058/3/2 3062/3/2 3061/4/2
f 3057/2/2 3055/1/2 3060/1/2 3059/2/2
f 3058/3/2 3057/2/2 3059/2/2 3062/3/2
f 3055/1/2 3056/4/2 3061/4/2 3060/1/2
f 3063/1/1 3065/2/1 3066/3/1 3064/4/1
f 3068/1/2 3069/4/2 3070/3/2 3067/2/2
f 3064/4/2 3066/3/2 3070/3/2 3069/4/2
f 3065/2/2 3063/1/2 3068/1/2 3067/2/2
f 3066/3/2 3065/2/2 3067/2/2 3070/3/2
f 3063/1/2 3064/4/2 3069/4/2 3068/1/2
f 3071/1/1 3073/2/1 3074/3/1 3072/4/1
f 3076/1/2 3077/4/2 3078/3/2 3075/2/2
f 3072/4/2 3074/3/2 3078/3/2 3077/4/2
f 3073/2/2 3071/1/2 3076/1/2 3075/2/2
f 3074/3/2 3073/2/2 3075/2/2 3078/3/2
f 3071/1/2 3072/4/2 3077/4/2 3076/1/2
f 3079/1/1 3081/2/1 3082/3/1 3080/4/1
f 3084/1/2 3085/4/2 3086/3/2 3083/2/2
f 3080/4/2 3082/3/2 3086/3/2 3085/4/2
f 3081/2/2 3079/1/2 3084/1/2 3083/2/2
f 3082/3/2 3081/2/2 3083/2/2 3086/3/2
f 3079/1/2 3080/4/2 3085/4/2 3084/1/2
f 3087/1/1 3089/2/1 3090/3/1 3088/4/1
f 3092/1/2 3093/4/2 3094/3/2 3091/2/2
f 3088/4/2 3090/3/2 3094/3/2 3093/4/2
f 3089/2/2 3087/1/2 3092/1/2 3091/2/2
f 3090/3/2 3089/2/2 3091/2/2 3094/3/2
f 3087/1/2 3088/4/2 3093/4/2 3092/1/2
f 3095/1/1 3097/2/1 3098/3/1 3096/4/1
f 3100/1/2 3101/4/2 3102/3/2 3099/2/2
f 3096/4/2 3098/3/2 3102/3/2 3101/4/2
f 3097/2/2 3095/1/2 3100/1/2 3099/2/2
f 3098/3/2 3097/2/2 3099/2/2 3102/3/2
f 3095/1/2 3096/4/2 3101/4/2 3100/1/2
f 3103/1/1 3105/2/1 3106/3/1 3104/4/1
f 3108/1/2 3109/4/2 3110/3/2 3107/2/2
f 3104/4/2 3106/3/2 3110/3/2 3109/4/2
f 3105/2/2 3103/1/2 3108/1/2 3107/2/2
f 3106/3/2 3105/2/2 3107/2/2 3110/3/2
f 3103/1/2 3104/4/2 3109/4/2 3108/1/2
f 3111/1/1 3113/2/1 3114/3/1 3112/4/1
f 3116/1/2 3117/4/2 3118/3/2 3115/2/2
f 3112/4/2 3114/3/2 3118/3/2 3117/4/2
f 3113/2/2 3111/1/2 3116/1/2 3115/2/2
f 3114/3/2 3113/2/2 3115/2/2 3118/3/2
f 3111/1/2 3112/4/2 3117/4/2 3116/1/2
f 3119/1/1 3121/2/1 3122/3/1 3120/4/1
f 3124/1/2 3125/4/2 3126/3/2 3123/2/2
f 3120/4/2 3122/3/2 3126/3/2 3125/4/2
f 3121/2/2 3119/1/2 3124/1/2 3123/2/2
f 3122/3/2 3121/2/2 3123/2/2 3126/3/2
f 3119/1/2 3120/4/2 3125/4/2 3124/1/2
f 3127/1/1 3129/2/1 3130/3/1 3128/4/1
f 3132/1/2 3133/4/2 3134/3/2 3131/2/2
f 3128/4/2 3130/3/2 3134/3/2 3133/4/2
f 3129/2/2 3127/1/2 3132/1/2 3131/2/2
f 3130/3/2 3129/2/2 3131/2/2 3134/3/2
f 3127/1/2 3128/4/2 3133/4/2 3132/1/2
f 3135/1/1 3137/2/1 3138/3/1 3136/4/1
f 3140/1/2 3141/4/2 3142/3/2 3139/2/2
f 3136/4/2 3138/3/2 3142/3/2 3141/4/2
f 3137/2/2 3135/1/2 3140/1/2 3139/2/2
f 3138/3/2 3137/2/2 3139/2/2 3142/3/2
f 3135/1/2 3136/4/2 3141/4/2 3140/1/2
f 3143/1/1 3145/2/1 3146/3/1 3144/4/1
f 3148/1/2 3149/4/2 3150/3/2 3147/2/2
f 3144/4/2 3146/3/2 3150/3/2 3149/4/2
f 3145/2/2 3143/1/2 3148/1/2 3147/2/2
f 3146/3/2 3145/2/2 3147/2/2 3150/3/2
f 3143/1/2 3144/4/2 3149/4/2 3148/1/2
f 3151/1/1 3153/2/1 3154/3/1 3152/4/1
f 3156/1/2 3157/4/2 3158/3/2 3155/2/2
f 3152/4/2 3154/3/2 3158/3/2 3157/4/2
f 3153/2/2 3151/1/2 3156/1/2 3155/2/2
f 3154/3/2 3153/2/2 3155/2/2 3158/3/2
f 3151/1/2 3152/4/2 3157/4/2 3156/1/2
f 3159/1/1 3161/2/1 3162/3/1 3160/4/1
f 3164/1/2 3165/4/2 3166/3/2 3163/2/2
f 3160/4/2 3162/3/2 3166/3/2 3165/4/2
f 3161/2/2 3159/1/2 3164/1/2 3163/2/2
f 3162/3/2 3161/2/2 3163/2/2 3166/3/2
f 3159/1/2 3160/4/2 3165/4/2 3164/1/2
f 3167/1/1 3169/2/1 3170/3/1 3168/4/1
f 3172/1/2 3173/4/2 3174/3/2 3171/2/2
f 3168/4/2 3170/3/2 3174/3/2 3173/4/2
f 3169/2/2 3167/1/2 3172/1/2 3171/2/2
f 3170/3/2 3169/2/2 3171/2/2 3174/3/2
f 3167/1/2 3168/4/2 3173/4/2 3172/1/2
f 3175/1/1 3177/2/1 3178/3/1 3176/4/1
f 3180/1/2 3181/4/2 3182/3/2 3179/2/2
f 3176/4/2 3178/3/2 3182/3/2 3181/4/2
f 3177/2/2 3175/1/2 3180/1/2 3179/2/2
f 3178/3/2 3177/2/2 3179/2/2 3182/3/2
f 3175/1/2 3176/4/2 3181/4/2 3180/1/2
f 3183/1/1 3185/2/1 3186/3/1 3184/4/1
f 3188/1/2 3189/4/2 3190/3/2 3187/2/2
f 3184/4/2 3186/3/2 3190/3/2 3189/4/2
f 3185/2/2 3183/1/2 3188/1/2 3187/2/2
f 3186/3/2 3185/2/2 3187/2/2 3190/3/2
f 3183/1/2 3184/4/2 3189/4/2 3188/1/2
f 3191/1/1 3193/2/1 3194/3/1 3192/4/1
f 3196/1/2 3197/4/2 3198/3/2 3195/2/2
f 3192/4/2 3194/3/2 3198/3/2 3197/4/2
f 3193/2/2 3191/1/2 3196/1/2 3195/2/2
f 3194/3/2 3193/2/2 3195/2/2 3198/3/2
f 3191/1/2 3192/4/2 3197/4/2 3196/1/2
f 3199/1/1 3201/2/1 3202/3/1 3200/4/1
f 3204/1/2 3205/4/2 3206/3/2 3203/2/2
f 3200/4/2 3202/3/2 3206/3/2 3205/4/2
f 3201/2/2 3199/1/2 3204/1/2 3203/2/2
f 3202/3/2 3201/2/2 3203/2/2 3206/3/2
f 3199/1/2 3200/4/2 3205/4/2 3204/1/2
f 3207/1/1 3209/2/1 3210/3/1 3208/4/1
f 3212/1/2 3213/4/2 3214/3/2 3211/2/2
f 3208/4/2 3210/3/2 3214/3/2 3213/4/2
f 3209/2/2 3207/1/2 3212/1/2 3211/2/2
f 3210/3/2 3209/2/2 3211/2/2 3214/3/2
f 3207/1/2 3208/4/2 3213/4/2 3212/1/2
f 3215/1/1 3217/2/1 3218/3/1 3216/4/1
f 3220/1/2 3221/4/2 3222/3/2 3219/2/2
f 3216/4/2 3218/3/2 3222/3/2 3221/4/2
f 3217/2/2 3215/1/2 3220/1/2 3219/2/2
f 3218/3/2 3217/2/2 3219/2/2 3222/3/2
f 3215/1/2 3216/4/2 3221/4/2 3220/1/2
f 3223/1/1 3225/2/1 3226/3/1 3224/4/1
f 3228/1/2 3229/4/2 3230/3/2 3227/2/2
f 3224/4/2 3226/3/2 3230/3/2 3229/4/2
f 3225/2/2 3223/1/2 3228/1/2 3227/2/2
f 3226/3/2 3225/2/2 3227/2/2 3230/3/2
f 3223/1/2 3224/4/2 3229/4/2 3228/1/2
f 3231/1/1 3233/2/1 3234/3/1 3232/4/1
f 3236/1/2 3237/4/2 3238/3/2 3235/2/2
f 3232/4/2 3234/3/2 3238/3/2 3237/4/2
f 3233/2/2 3231/1/2 3236/1/2 3235/2/2
f 3234/3/2 3233/2/2 3235/2/2 3238/3/2
f 3231/1/2 3232/4/2 3237/4/2 3236/1/2
f 3239/1/1 3241/2/1 3242/3/1 3240/4/1
f 3244/1/2 3245/4/2 3246/3/2 3243/2/2
f 3240/4/2 3242/3/2 3246/3/2 3245/4/2
f 3241/2/2 3239/1/2 3244/1/2 3243/2/2
f 3242/3/2 3241/2/2 3243/2/2 3246/3/2
f 3239/1/2 3240/4/2 3245/4/2 3244/1/2
f 3247/1/1 3249/2/1 3250/3/1 3248/4/1
f 3252/1/2 3253/4/2 3254/3/2 3251/2/2
f 3248/4/2 3250/3/2 3254/3/2 3253/4/2
f 3249/2/2 3247/1/2 3252/1/2 3251/2/2
f 3250/3/2 3249/2/2 3251/2/2 3254/3/2
f 3247/1/2 3248/4/2 3253/4/2 3252/1/2
f 3255/1/1 3257/2/1 3258/3/1 3256/4/1
f 3260/1/2 3261/4/2 3262/3/2 3259/2/2
f 3256/4/2 3258/3/2 3262/3/2 3261/4/2
f 3257/2/2 3255/1/2 3260/1/2 3259/2/2
f 3258/3/2 3257/2/2 3259/2/2 3262/3/2
f 3255/1/2 3256/4/2 3261/4/2 3260/1/2
f 3263/1/1 3265/2/1 3266/3/1 3264/4/1
f 3268/1/2 3269/4/2 3270/3/2 3267/2/2
f 3264/4/2 3266/3/2 3270/3/2 3269/4/2
f 3265/2/2 3263/1/2 3268/1/2 3267/2/2
f 3266/3/2 3265/2/2 3267/2/2 3270/3/2
f 3263/1/2 3264/4/2 3269/4/2 3268/1/2
f 3271/1/1 3273/2/1 3274/3/1 3272/4/1
f 3276/1/2 3277/4/2 3278/3/2 3275/2/2
f 3272/4/2 3274/3/2 3278/3/2 3277/4/2
f 3273/2/2 3271/1/2 3276/1/2 3275/2/2
f 3274/3/2 3273/2/2 3275/2/2 3278/3/2
f 3271/1/2 3272/4/2 3277/4/2 3276/1/2
f 3279/1/1 3281/2/1 3282/3/1 3280/4/1
f 3284/1/2 3285/4/2 3286/3/2 3283/2/2
f 3280/4/2 3282/3/2 3286/3/2 3285/4/2
f 3281/2/2 3279/1/2 3284/1/2 3283/2/2
f 3282/3/2 3281/2/2 3283/2/2 3286/3/2
f 3279/1/2 3280/4/2 3285/4/2 3284/1/2
f 3287/1/1 3289/2/1 3290/3/1 3288/4/1
f 3292/1/2 3293/4/2 3294/3/2 3291/2/2
f 3288/4/2 3290/3/2 3294/3/2 3293/4/2
f 3289/2/2 3287/1/2 3292/1/2 3291/2/2
f 3290/3/2 3289/2/2 3291/2/2 3294/3/2
f 3287/1/2 3288/4/2 3293/4/2 3292/1/2
f 3295/1/1 3297/2/1 3298/3/1 3296/4/1
f 3300/1/2 3301/4/2 3302/3/2 3299/2/2
f 3296/4/2 3298/3/2 3302/3/2 3301/4/2
f 3297/2/2 3295/1/2 3300/1/2 3299/2/2
f 3298/3/2 3297/2/2 3299/2/2 3302/3/2
f 3295/1/2 3296/4/2 3301/4/2 3300/1/2
f 3303/1/1 3305/2/1 3306/3/1 3304/4/1
f 3308/1/2 3309/4/2 3310/3/2 3307/2/2
f 3304/4/2 3306/3/2 3310/3/2 3309/4/2
f 3305/2/2 3303/1/2 3308/1/2 3307/2/2
f 3306/3/2 3305/2/2 3307/2/2 3310/3/2
f 3303/1/2 3304/4/2 3309/4/2 3308/1/2
f 3311/1/1 3313/2/1 3314/3/1 3312/4/1
f 3316/1/2 3317/4/2 3318/3/2 3315/2/2
f 3312/4/2 3314/3/2 3318/3/2 3317/4/2
f 3313/2/2 3311/1/2 3316/1/2 3315/2/2
f 3314/3/2 3313/2/2 3315/2/2 3318/3/2
f 3311/1/2 3312/4/2 3317/4/2 3316/1/2
f 3319/1/1 3321/2/1 3322/3/1 3320/4/1
f 3324/1/2 3325/4/2 3326/3/2 3323/2/2
f 3320/4/2 3322/3/2 3326/3/2 3325/4/2
f 3321/2/2 3319/1/2 3324/1/2 3323/2/2
f 3322/3/2 3321/2/2 3323/2/2 3326/3/2
f 3319/1/2 3320/4/2 3325/4/2 3324/1/2
f 3327/1/1 3329/2/1 3330/3/1 3328/4/1
f 3332/1/2 3333/4/2 3334/3/2 3331/2/2
f 3328/4/2 3330/3/2 3334/3/2 3333/4/2
f 3329/2/2 3327/1/2 3332/1/2 3331/2/2
f 3330/3/2 3329/2/2 3331/2/2 3334/3/2
f 3327/1/2 3328/4/2 3333/4/2 3332/1/2
f 3335/1/1 3337/2/1 3338/3/1 3336/4/1
f 3340/1/2 3341/4/2 3342/3/2 3339/2/2
f 3336/4/2 3338/3/2 3342/3/2 3341/4/2
f 3337/2/2 3335/1/2 3340/1/2 3339/2/2
f 3338/3/2 3337/2/2 3339/2/2 3342/3/2
f 3335/1/2 3336/4/2 3341/4/2 3340/1/2
f 3343/1/1 3345/2/1 3346/3/1 3344/4/1
f 3348/1/2 3349/4/2 3350/3/2 3347/2/2
f 3344/4/2 3346/3/2 3350/3/2 3349/4/2
f 3345/2/2 3343/1/2 3348/1/2 3347/2/2
f 3346/3/2 3345/2/2 3347/2/2 3350/3/2
f 3343/1/2 3344/4/2 3349/4/2 3348/1/2
f 3351/1/1 3353/2/1 3354/3/1 3352/4/1
f 3356/1/2 3357/4/2 3358/3/2 3355/2/2
f 3352/4/2 3354/3/2 3358/3/2 3357/4/2
f 3353/2/2 3351/1/2 3356/1/2 3355/2/2
f 3354/3/2 3353/2/2 3355/2/2 3358/3/2
f 3351/1/2 3352/4/2 3357/4/2 3356/1/2
f 3359/1/1 3361/2/1 3362/3/1 3360/4/1
f 3364/1/2 3365/4/2 3366/3/2 3363/2/2
f 3360/4/2 3362/3/2 3366/3/2 3365/4/2
f 3361/2/2 3359/1/2 3364/1/2 3363/2/2
f 3362/3/2 3361/2/2 3363/2/2 3366/3/2
f 3359/1/2 3360/4/2 3365/4/2 3364/1/2
f 3367/1/1 3369/2/1 3370/3/1 3368/4/1
f 3372/1/2 3373/4/2 3374/3/2 3371/2/2
f 3368/4/2 3370/3/2 3374/3/2 3373/4/2
f 3369/2/2 3367/1/2 3372/1/2 3371/2/2
f 3370/3/2 3369/2/2 3371/2/2 3374/3/2
f 3367/1/2 3368/4/2 3373/4/2 3372/1/2
f 3375/1/1 3377/2/1 3378/3/1 3376/4/1
f 3380/1/2 3381/4/2 3382/3/2 3379/2/2
f 3376/4/2 3378/3/2 3382/3/2 3381/4/2
f 3377/2/2 3375/1/2 3380/1/2 3379/2/2
f 3378/3/2 3377/2/2 3379/2/2 3382/3/2
f 3375/1/2 3376/4/2 3381/4/2 3380/1/2
f 3383/1/1 3385/2/1 3386/3/1 3384/4/1
f 3388/1/2 3389/4/2 3390/3/2 3387/2/2
f 3384/4/2 3386/3/2 3390/3/2 3389/4/2
f 3385/2/2 3383/1/2 3388/1/2 3387/2/2
f 3386/3/2 3385/2/2 3387/2/2 3390/3/2
f 3383/1/2 3384/4/2 3389/4/2 3388/1/2
f 3391/1/1 3393/2/1 3394/3/1 3392/4/1
f 3396/1/2 3397/4/2 3398/3/2 3395/2/2
f 3392/4/2 3394/3/2 3398/3/2 3397/4/2
f 3393/2/2 3391/1/2 3396/1/2 3395/2/2
f 3394/3/2 3393/2/2 3395/2/2 3398/3/2
f 3391/1/2 3392/4/2 3397/4/2 3396/1/2
f 3399/1/1 3401/2/1 3402/3/1 3400/4/1
f 3404/1/2 3405/4/2 3406/3/2 3403/2/2
f 3400/4/2 3402/3/2 3406/3/2 3405/4/2
f 3401/2/2 3399/1/2 3404/1/2 3403/2/2
f 3402/3/2 3401/2/2 3403/2/2 3406/3/2
f 3399/1/2 3400/4/2 3405/4/2 3404/1/2
f 3407/1/1 3409/2/1 3410/3/1 3408/4/1
f 3412/1/2 3413/4/2 3414/3/2 3411/2/2
f 3408/4/2 3410/3/2 3414/3/2 3413/4/2
f 3409/2/2 3407/1/2 3412/1/2 3411/2/2
f 3410/3/2 3409/2/2 3411/2/2 3414/3/2
f 3407/1/2 3408/4/2 3413/4/2 3412/1/2
f 3415/1/1 3417/2/1 3418/3/1 3416/4/1
f 3420/1/2 3421/4/2 3422/3/2 3419/2/2
f 3416/4/2 3418/3/2 3422/3/2 3421/4/2
f 3417/2/2 3415/1/2 3420/1/2 3419/2/2
f 3418/3/2 3417/2/2 3419/2/2 3422/3/2
f 3415/1/2 3416/4/2 3421/4/2 3420/1/2
f 3423/1/1 3425/2/1 3426/3/1 3424/4/1
f 3428/1/2 3429/4/2 3430/3/2 3427/2/2
f 3424/4/2 3426/3/2 3430/3/2 3429/4/2
f 3425/2/2 3423/1/2 3428/1/2 3427/2/2
f 3426/3/2 3425/2/2 3427/2/2 3430/3/2
f 3423/1/2 3424/4/2 3429/4/2 3428/1/2
f 3431/1/1 3433/2/1 3434/3/1 3432/4/1
f 3436/1/2 3437/4/2 3438/3/2 3435/2/2
f 3432/4/2 3434/3/2 3438/3/2 3437/4/2
f 3433/2/2 3431/1/2 3436/1/2 3435/2/2
f 3434/3/2 3433/2/2 3435/2/2 3438/3/2
f 3431/1/2 3432/4/2 3437/4/2 3436/1/2
f 3439/1/1 3441/2/1 3442/3/1 3440/4/1
f 3444/1/2 3445/4/2 3446/3/2 3443/2/2
f 3440/4/2 3442/3/2 3446/3/2 3445/4/2
f 3441/2/2 3439/1/2 3444/1/2 3443/2/2
f 3442/3/2 3441/2/2 3443/2/2 3446/3/2
f 3439/1/2 3440/4/2 3445/4/2 3444/1/2
f 3447/1/1 3449/2/1 3450/3/1 3448/4/1
f 3452/1/2 3453/4/2 3454/3/2 3451/2/2
f 3448/4/2 3450/3/2 3454/3/2 3453/4/2
f 3449/2/2 3447/1/2 3452/1/2 3451/2/2
f 3450/3/2 3449/2/2 3451/2/2 3454/3/2
f 3447/1/2 3448/4/2 3453/4/2 3452/1/2
f 3455/1/1 3457/2/1 3458/3/1 3456/4/1
f 3460/1/2 3461/4/2 3462/3/2 3459/2/2
f 3456/4/2 3458/3/2 3462/3/2 3461/4/2
f 3457/2/2 3455/1/2 3460/1/2 3459/2/2
f 3458/3/2 3457/2/2 3459/2/2 3462/3/2
f 3455/1/2 3456/4/2 3461/4/2 3460/1/2
f 3463/1/1 3465/2/1 3466/3/1 3464/4/1
f 3468/1/2 3469/4/2 3470/3/2 3467/2/2
f 3464/4/2 3466/3/2 3470/3/2 3469/4/2
f 3465/2/2 3463/1/2 3468/1/2 3467/2/2
f 3466/3/2 3465/2/2 3467/2/2 3470/3/2
f 3463/1/2 3464/4/2 3469/4/2 3468/1/2
f 3471/1/1 3473/2/1 3474/3/1 3472/4/1
f 3476/1/2 3477/4/2 3478/3/2 3475/2/2
f 3472/4/2 3474/3/2 3478/3/2 3477/4/2
f 3473/2/2 3471/1/2 3476/1/2 3475/2/2
f 3474/3/2 3473/2/2 3475/2/2 3478/3/2
f 3471/1/2 3472/4/2 3477/4/2 3476/1/2
f 3479/1/1 3481/2/1 3482/3/1 3480/4/1
f 3484/1/2 3485/4/2 3486/3/2 3483/2/2
f 3480/4/2 3482/3/2 3486/3/2 3485/4/2
f 3481/2/2 3479/1/2 3484/1/2 3483/2/2
f 3482/3/2 3481/2/2 3483/2/2 3486/3/2
f 3479/1/2 3480/4/2 3485/4/2 3484/1/2
f 3487/1/1 3489/2/1 3490/3/1 3488/4/1
f 3492/1/2 3493/4/2 3494/3/2 3491/2/2
f 3488/4/2 3490/3/2 3494/3/2 3493/4/2
f 3489/2/2 3487/1/2 3492/1/2 3491/2/2
f 3490/3/2 3489/2/2 3491/2/2 3494/3/2
f 3487/1/2 3488/4/2 3493/4/2 3492/1/2
f 3495/1/1 3497/2/1 3498/3/1 3496/4/1
f 3500/1/2 3501/4/2 3502/3/2 3499/2/2
f 3496/4/2 3498/3/2 3502/3/2 3501/4/2
f 3497/2/2 3495/1/2 3500/1/2 3499/2/2
f 3498/3/2 3497/2/2 3499/2/2 3502/3/2
f 3495/1/2 3496/4/2 3501/4/2 3500/1/2
f 3503/1/1 3505/2/1 3506/3/1 3504/4/1
f 3508/1/2 3509/4/2 3510/3/2 3507/2/2
f 3504/4/2 3506/3/2 3510/3/2 3509/4/2
f 3505/2/2 3503/1/2 3508/1/2 3507/2/2
f 3506/3/2 3505/2/2 3507/2/2 3510/3/2
f 3503/1/2 3504/4/2 3509/4/2 3508/1/2
f 3511/1/1 3513/2/1 3514/3/1 3512/4/1
f 3516/1/2 3517/4/2 3518/3/2 3515/2/2
f 3512/4/2 3514/3/2 3518/3/2 3517/4/2
f 3513/2/2 3511/1/2 3516/1/2 3515/2/2
f 3514/3/2 3513/2/2 3515/2/2 3518/3/2
f 3511/1/2 3512/4/2 3517/4/2 3516/1/2
f 3519/1/1 3521/2/1 3522/3/1 3520/4/1
f 3524/1/2 3525/4/2 3526/3/2 3523/2/2
f 3520/4/2 3522/3/2 3526/3/2 3525/4/2
f 3521/2/2 3519/1/2 3524/1/2 3523/2/2
f 3522/3/2 3521/2/2 3523/2/2 3526/3/2
f 3519/1/2 3520/4/2 3525/4/2 3524/1/2
f 3567/1/1 3569/2/1 3570/3/1 3568/4/1
f 3572/1/2 3573/4/2 3574/3/2 3571/2/2
f 3568/4/2 3570/3/2 3574/3/2 3573/4/2
f 3569/2/2 3567/1/2 3572/1/2 3571/2/2
f 3570/3/2 3569/2/2 3571/2/2 3574/3/2
f 3567/1/2 3568/4/2 3573/4/2 3572/1/2
f 3575/1/1 3577/2/1 3578/3/1 3576/4/1
f 3580/1/2 3581/4/2 3582/3/2 3579/2/2
f 3576/4/2 3578/3/2 3582/3/2 3581/4/2
f 3577/2/2 3575/1/2 3580/1/2 3579/2/2
f 3578/3/2 3577/2/2 3579/2/2 3582/3/2
f 3575/1/2 3576/4/2 3581/4/2 3580/1/2
f 3583/1/1 3585/2/1 3586/3/1 3584/4/1
f 3588/1/2 3589/4/2 3590/3/2 3587/2/2
f 3584/4/2 3586/3/2 3590/3/2 3589/4/2
f 3585/2/2 3583/1/2 3588/1/2 3587/2/2
f 3586/3/2 3585/2/2 3587/2/2 3590/3/2
f 3583/1/2 3584/4/2 3589/4/2 3588/1/2
f 3591/1/1 3593/2/1 3594/3/1 3592/4/1
f 3596/1/2 3597/4/2 3598/3/2 3595/2/2
f 3592/4/2 3594/3/2 3598/3/2 3597/4/2
f 3593/2/2 3591/1/2 3596/1/2 3595/2/2
f 3594/3/2 3593/2/2 3595/2/2 3598/3/2
f 3591/1/2 3592/4/2 3597/4/2 3596/1/2
f 3599/1/1 3601/2/1 3602/3/1 3600/4/1
f 3604/1/2 3605/4/2 3606/3/2 3603/2/2
f 3600/4/2 3602/3/2 3606/3/2 3605/4/2
f 3601/2/2 3599/1/2 3604/1/2 3603/2/2
f 3602/3/2 3601/2/2 3603/2/2 3606/3/2
f 3599/1/2 3600/4/2 3605/4/2 3604/1/2
f 3607/1/1 3609/2/1 3610/3/1 3608/4/1
f 3612/1/2 3613/4/2 3614/3/2 3611/2/2
f 3608/4/2 3610/3/2 3614/3/2 3613/4/2
f 3609/2/2 3607/1/2 3612/1/2 3611/2/2
f 3610/3/2 3609/2/2 3611/2/2 3614/3/2
f 3607/1/2 3608/4/2 3613/4/2 3612/1/2
f 3615/1/1 3617/2/1 3618/3/1 3616/4/1
f 3620/1/2 3621/4/2 3622/3/2 3619/2/2
f 3616/4/2 3618/3/2 3622/3/2 3621/4/2
f 3617/2/2 3615/1/2 3620/1/2 3619/2/2
f 3618/3/2 3617/2/2 3619/2/2 3622/3/2
f 3615/1/2 3616/4/2 3621/4/2 3620/1/2
f 3623/1/1 3625/2/1 3626/3/1 3624/4/1
f 3628/1/2 3629/4/2 3630/3/2 3627/2/2
f 3624/4/2 3626/3/2 3630/3/2 3629/4/2
f 3625/2/2 3623/1/2 3628/1/2 3627/2/2
f 3626/3/2 3625/2/2 3627/2/2 3630/3/2
f 3623/1/2 3624/4/2 3629/4/2 3628/1/2
f 3631/1/1 3633/2/1 3634/3/1 3632/4/1
f 3636/1/2 3637/4/2 3638/3/2 3635/2/2
f 3632/4/2 3634/3/2 3638/3/2 3637/4/2
f 3633/2/2 3631/1/2 3636/1/2 3635/2/2
f 3634/3/2 3633/2/2 3635/2/2 3638/3/2
f 3631/1/2 3632/4/2 3637/4/2 3636/1/2
f 3639/1/1 3641/2/1 3642/3/1 3640/4/1
f 3644/1/2 3645/4/2 3646/3/2 3643/2/2
f 3640/4/2 3642/3/2 3646/3/2 3645/4/2
f 3641/2/2 3639/1/2 3644/1/2 3643/2/2
f 3642/3/2 3641/2/2 3643/2/2 3646/3/2
f 3639/1/2 3640/4/2 3645/4/2 3644/1/2
f 3647/1/1 3649/2/1 3650/3/1 3648/4/1
f 3652/1/2 3653/4/2 3654/3/2 3651/2/2
f 3648/4/2 3650/3/2 3654/3/2 3653/4/2
f 3649/2/2 3647/1/2 3652/1/2 3651/2/2
f 3650/3/2 3649/2/2 3651/2/2 3654/3/2
f 3647/1/2 3648/4/2 3653/4/2 3652/1/2
f 3655/1/1 3657/2/1 3658/3/1 3656/4/1
f 3660/1/2 3661/4/2 3662/3/2 3659/2/2
f 3656/4/2 3658/3/2 3662/3/2 3661/4/2
f 3657/2/2 3655/1/2 3660/1/2 3659/2/2
f 3658/3/2 3657/2/2 3659/2/2 3662/3/2
f 3655/1/2 3656/4/2 3661/4/2 3660/1/2
l 465 466
l 809 810
l 1691 1692
l 1861 1862
